purchase,unit,geo\time	2019Q2 	2019Q1 	2018Q4 	2018Q3 	2018Q2 	2018Q1 	2017Q4 	2017Q3 	2017Q2 	2017Q1 	2016Q4 	2016Q3 	2016Q2 	2016Q1 	2015Q4 	2015Q3 	2015Q2 	2015Q1 	2014Q4 	2014Q3 	2014Q2 	2014Q1 	2013Q4 	2013Q3 	2013Q2 	2013Q1 	2012Q4 	2012Q3 	2012Q2 	2012Q1 	2011Q4 	2011Q3 	2011Q2 	2011Q1 	2010Q4 	2010Q3 	2010Q2 	2010Q1 	2009Q4 	2009Q3 	2009Q2 	2009Q1 	2008Q4 	2008Q3 	2008Q2 	2008Q1 	2007Q4 	2007Q3 	2007Q2 	2007Q1 	2006Q4 	2006Q3 	2006Q2 	2006Q1 	2005Q4 	2005Q3 	2005Q2 	2005Q1 
DW_EXST,INX_Q,AT	128.16 	124.43 	124.04 	122.53 	119.63 	118.56 	116.90 	114.54 	115.31 	113.79 	110.05 	110.19 	110.09 	107.36 	102.12 	104.53 	99.76 	93.59 	96.32 	94.89 	95.85 	94.01 	91.90 	95.11 	91.46 	90.74 	89.21 	89.26 	86.56 	85.36 	83.38 	82.79 	80.99 	78.69 	78.42 	78.46 	75.96 	73.71 	: 	: 	: 	: 	: 	: 	: 	: 	: 	: 	: 	: 	: 	: 	: 	: 	: 	: 	: 	: 
DW_EXST,INX_Q,BE	111.63 p	111.16 	109.76 	109.80 	107.84 	107.25 	106.75 	107.48 	104.31 	104.63 	103.56 p	104.01 p	101.31 p	100.23 p	100.65 p	101.68 p	99.58 p	98.09 p	100.73 	99.83 	98.92 	98.06 	98.89 	100.61 	98.95 	99.29 	99.16 	100.09 	98.59 	98.62 	97.87 	98.28 	96.13 	95.05 	94.83 	94.34 	92.00 	90.99 	89.79 	90.45 	87.85 	88.61 	89.78 	90.96 	89.08 	87.79 	86.95 	86.44 	84.35 	82.45 	80.46 	79.79 	77.02 	74.83 	73.36 	71.64 	68.35 	66.35 
DW_EXST,INX_Q,BG	130.96 p	129.60 	128.24 	126.41 	126.21 	123.43 	121.84 	119.47 	117.23 	112.55 	110.77 	107.75 	107.35 	103.50 	101.85 	98.55 	99.88 	99.73 b	98.30 	97.65 	97.71 	97.39 	97.17 	97.23 	97.37 	97.43 	98.36 	99.05 	99.53 	99.37 	99.77 	101.32 	102.18 	103.84 	106.32 	107.89 	109.18 	110.01 	112.61 	114.82 	120.84 	133.85 	152.82 	159.43 	154.71 	146.13 	136.79 	125.77 	117.02 	111.07 	101.60 	96.29 	92.09 	90.60 	86.51 	84.47 	82.10 	78.73 
DW_EXST,INX_Q,CY	102.33 p	101.84 	101.75 	101.15 	99.52 	101.91 	101.08 	100.38 	101.65 	100.02 	97.84 	100.00 	99.20 	100.37 	99.64 	100.84 	100.16 	99.36 	101.13 	104.21 	99.12 	102.04 	104.10 	101.63 	100.22 	97.84 	106.42 	105.15 	104.94 	105.78 	109.66 	112.32 	112.43 	107.70 	111.87 	109.22 	106.10 	107.92 	: c	: c	: c	: c	: c	: c	: c	: c	: c	: c	: c	: c	: c	: c	: c	: c	: c	: c	: c	: c
DW_EXST,INX_Q,CZ	139.10 	136.20 	133.60 p	130.90 	127.90 	124.70 	122.20 p	120.90 	118.90 	116.20 	113.00 p	107.90 	105.10 	103.10 	101.70 p	100.60 	99.30 	98.40 	97.40 	96.60 	95.80 	94.90 	93.80 	94.00 	94.10 	93.60 	93.60 	94.00 	94.10 	94.00 	94.40 	95.30 	95.70 	95.20 	95.00 	94.80 	94.90 	94.90 	94.80 	95.10 	96.10 	99.70 	102.60 	103.40 	101.70 	97.60 	: 	: 	: 	: 	: 	: 	: 	: 	: 	: 	: 	: 
DW_EXST,INX_Q,DE	127.90 p	125.30 p	125.40 	123.50 	121.10 	118.60 	117.80 	115.30 	113.50 	111.20 	110.50 	109.00 	107.00 	103.80 	101.70 	100.40 	100.10 	97.80 	96.10 	96.30 	95.90 	94.00 	93.30 	93.10 	93.20 	91.40 	91.60 	90.40 	89.00 	87.80 	87.20 	86.30 	87.00 	86.20 	83.60 	84.30 	84.60 	83.10 	84.20 	83.00 	83.60 	82.10 	82.60 	82.20 	84.00 	83.80 	82.50 	82.40 	82.60 	81.40 	84.50 	83.80 	85.40 	84.70 	83.40 	86.10 	84.20 	85.70 
DW_EXST,INX_Q,DK	119.15 p	116.14 	113.62 	116.17 	115.72 	114.09 	109.95 	112.07 	110.60 	107.65 	105.32 	107.05 	105.61 	103.01 	101.06 	101.05 	100.60 	97.29 	93.77 	94.31 	94.78 	91.29 	90.04 	91.34 	91.20 	88.17 	87.18 	87.65 	87.44 	86.15 	86.18 	89.36 	92.59 	90.59 	91.55 	92.55 	91.78 	89.84 	89.22 	89.55 	88.71 	87.78 	93.80 	101.94 	104.77 	104.04 	105.18 	107.41 	107.35 	106.14 	105.77 	106.87 	104.85 	98.85 	92.27 	86.58 	80.41 	76.44 
DW_EXST,INX_Q,EE	120.84 	118.73 	119.52 	116.30 	113.54 	110.74 	112.61 	110.75 	110.51 	108.33 	106.37 	104.31 	104.68 	102.05 	101.39 	99.77 	102.68 	96.17 	96.10 	96.15 	96.57 	92.46 	89.57 	88.21 	85.55 	80.21 	78.97 	78.78 	76.06 	74.70 	72.90 	72.32 	73.92 	72.60 	67.46 	67.80 	66.84 	66.89 	62.64 	60.55 	65.04 	72.12 	92.07 	107.34 	113.50 	111.73 	116.02 	119.91 	123.52 	116.83 	116.12 	109.55 	104.30 	90.28 	77.95 	68.16 	63.17 	56.19 
DW_EXST,INX_Q,ES	123.68 	121.96 	120.62 	120.30 	117.69 	114.76 	113.30 	112.07 	109.98 	107.93 	105.74 	105.05 	103.98 	102.51 	101.24 	101.53 	100.85 	96.37 	97.38 	97.13 	97.12 	95.32 	95.71 	96.99 	96.89 	97.00 	103.72 	105.43 	110.24 	114.51 	120.67 	126.05 	130.81 	132.01 	139.82 	139.45 	142.60 	140.84 	142.13 	141.96 	142.62 	142.81 	147.26 	154.72 	160.56 	163.29 	164.97 	169.26 	168.85 	164.36 	161.07 	157.45 	153.11 	145.50 	139.63 	: 	: 	: 
DW_EXST,INX_Q,FI	102.35 	100.64 	100.87 	101.13 	102.28 	100.72 	100.64 	101.40 	102.16 	100.71 	99.88 	100.75 	101.06 	99.44 	99.62 	100.25 	100.48 	99.65 	99.54 	100.59 	101.08 	100.60 	100.87 	101.47 	101.97 	101.30 	100.80 	100.72 	101.04 	100.16 	98.44 	99.78 	100.71 	99.06 	97.52 	97.74 	97.12 	95.37 	92.81 	90.15 	88.37 	85.84 	: c	: c	: c	: c	: c	: c	: c	: c	: c	: c	: c	: c	: c	: c	: c	: c
DW_EXST,INX_Q,FR	109.47 p	108.33 	108.34 	108.77 	106.12 	105.17 	104.93 	105.67 	103.16 	102.14 	101.62 	102.33 	100.09 	99.67 	100.12 	101.01 	99.46 	99.40 	100.56 	102.89 	102.20 	101.87 	103.19 	104.41 	103.62 	103.81 	105.18 	106.90 	105.96 	105.91 	107.39 	108.68 	106.21 	103.99 	103.57 	102.40 	99.20 	97.18 	96.27 	96.09 	94.31 	96.05 	100.42 	104.22 	103.70 	103.67 	104.38 	103.62 	101.18 	99.43 	98.74 	98.01 	94.74 	91.88 	89.75 	88.13 	83.90 	80.39 
DW_EXST,INX_Q,HR	123.40 	119.52 	116.00 	114.68 	111.47 	111.59 	110.46 	106.65 	106.17 	102.51 	101.97 	102.30 	101.23 	101.73 	100.18 	99.37 	99.33 	101.12 	100.07 	100.87 	102.83 	101.96 	102.01 	103.05 	103.19 	102.69 	104.12 	107.50 	107.95 	109.59 	110.26 	110.58 	109.90 	109.56 	110.36 	110.63 	111.94 	111.75 	114.50 	114.55 	117.18 	123.01 	125.24 	127.67 	125.45 	125.23 	: 	: 	: 	: 	: 	: 	: 	: 	: 	: 	: 	: 
DW_EXST,INX_Q,HU	162.61 p	159.92 	152.34 	148.33 	142.27 	138.27 	131.57 	129.06 	125.26 	122.19 	117.15 	115.41 	112.06 	109.52 	104.80 	103.04 	98.70 	93.46 	91.20 	89.04 	87.30 	85.58 	83.93 	85.14 	85.01 	84.87 	84.61 	86.33 	87.23 	90.49 	89.61 	90.13 	91.34 	92.07 	92.38 	94.13 	94.35 	95.16 	92.27 	95.14 	96.33 	99.61 	100.33 	102.60 	102.19 	100.97 	102.84 	101.76 	97.22 	94.86 	: 	: 	: 	: 	: 	: 	: 	: 
DW_EXST,INX_Q,IE	134.94 p	134.44 	136.33 	135.10 	131.79 	129.12 	127.45 	123.93 	117.03 	114.35 	112.90 	109.94 	104.49 	103.23 	103.00 	101.63 	98.66 	96.71 	97.23 	94.36 	86.91 	81.97 	80.53 	77.87 	73.34 	73.47 	75.90 	75.32 	74.06 	75.62 	79.05 	83.20 	89.07 	94.82 	99.91 	104.48 	106.97 	110.52 	: 	: 	: 	: 	: 	: 	: 	: 	: 	: 	: 	: 	: 	: 	: 	: 	: 	: 	: 	: 
DW_EXST,INX_Q,IS	147.15 	146.19 	145.24 	143.46 	140.52 	138.82 	136.94 	135.65 	130.12 	122.09 	: 	: 	: 	: 	: 	: 	: 	: 	: 	: 	: 	: 	: 	: 	: 	: 	: 	: 	: 	: 	: 	: 	: 	: 	: 	: 	: 	: 	: 	: 	: 	: 	: 	: 	: 	: 	: 	: 	: 	: 	: 	: 	: 	: 	: 	: 	: 	: 
DW_EXST,INX_Q,IT	98.30 p	96.80 	97.40 	97.70 	98.70 	98.10 	98.10 	99.00 	99.50 	99.10 	99.60 	100.60 	100.50 	99.70 	99.60 	100.40 	100.20 	99.80 	102.10 	104.10 	105.60 	107.00 	108.40 	110.10 	112.20 	112.70 	116.80 	120.50 	123.30 	125.10 	126.30 	128.00 	128.90 	126.00 	126.80 	127.80 	127.00 	125.40 	: 	: 	: 	: 	: 	: 	: 	: 	: 	: 	: 	: 	: 	: 	: 	: 	: 	: 	: 	: 
DW_EXST,INX_Q,LT	132.36 	129.38 	125.92 	124.80 	123.81 	120.58 	117.66 	117.52 	115.30 	111.84 	110.25 	108.16 	105.59 	101.86 	100.84 	101.90 	100.52 	96.74 	96.64 	99.19 	97.31 	93.89 	92.43 	89.77 	91.13 	88.96 	87.92 	88.30 	89.17 	89.18 	90.81 	90.31 	89.82 	90.17 	86.80 	85.36 	85.97 	82.80 	86.29 	87.19 	88.16 	94.71 	119.60 	133.09 	134.86 	131.04 	130.09 	128.70 	120.68 	113.30 	103.06 	93.69 	86.36 	85.35 	: 	: 	: 	: 
DW_EXST,INX_Q,LU	133.08 	128.22 	125.69 	121.41 	119.51 	117.32 	113.24 	112.65 	112.94 	110.19 	109.18 	108.03 	104.78 	102.85 	100.53 	101.09 	100.16 	98.22 	97.62 	96.67 	96.28 	94.24 	92.45 	91.75 	91.55 	90.30 	90.85 	88.25 	88.30 	86.88 	88.43 	83.74 	85.48 	83.19 	82.86 	80.75 	80.22 	81.35 	77.97 	75.99 	77.23 	75.90 	79.32 	80.49 	80.59 	78.09 	78.90 	80.52 	77.22 	77.14 	: 	: 	: 	: 	: 	: 	: 	: 
DW_EXST,INX_Q,LV	142.87 p	135.61 	134.64 	130.14 	130.71 	125.46 	119.91 	119.36 	120.17 	113.23 	111.50 	110.53 	108.62 	103.37 	102.15 	100.89 	100.50 	96.47 	97.74 	106.45 	102.87 	101.72 	99.09 	97.31 	98.37 	93.48 	92.90 	90.65 	90.19 	87.61 	86.90 	90.40 	90.68 	90.79 	86.06 	85.65 	83.19 	83.47 	91.44 	92.60 	96.51 	105.18 	127.29 	152.94 	163.92 	168.20 	155.04 	160.34 	150.36 	143.09 	127.59 	115.97 	104.40 	93.33 	: 	: 	: 	: 
DW_EXST,INX_Q,MT	121.55 p	118.03 p	125.10 p	123.37 p	110.59 	112.88 	117.68 	113.59 	112.87 	106.18 	113.59 	109.55 	104.96 	99.03 	108.04 	102.86 	97.25 	91.85 	99.01 	93.22 	94.49 	94.36 	97.06 	96.89 	86.05 	90.04 	88.85 	95.93 	83.95 	87.42 	83.61 	89.01 	87.87 	83.54 	80.92 	89.25 	89.94 	83.46 	79.88 	92.43 	87.83 	96.09 	104.20 	100.35 	85.94 	92.34 	: 	: 	: 	: 	: 	: 	: 	: 	: 	: 	: 	: 
DW_EXST,INX_Q,NL	130.38 	128.93 	126.73 	124.91 	121.59 	119.44 	116.32 	114.39 	111.72 	109.60 	107.48 	106.35 	103.72 	102.65 	101.31 	100.69 	99.37 	98.63 	97.89 	97.84 	96.92 	96.33 	95.80 	96.14 	95.77 	97.75 	100.05 	100.74 	104.87 	106.91 	108.29 	110.20 	111.03 	111.51 	112.12 	113.42 	113.32 	113.16 	113.35 	114.29 	115.86 	118.89 	119.68 	120.60 	119.26 	119.16 	117.73 	117.33 	115.57 	114.19 	112.94 	112.42 	111.00 	109.68 	108.06 	107.44 	106.14 	104.85 
DW_EXST,INX_Q,NO	120.24 	117.43 	114.53 	116.86 	117.64 	113.52 	111.25 	113.40 	116.73 	116.02 	111.65 	110.69 	107.45 	103.22 	99.60 	101.08 	100.98 	98.35 	94.45 	94.56 	93.94 	90.69 	88.68 	91.45 	92.77 	90.96 	88.25 	88.66 	87.51 	85.01 	82.14 	82.47 	82.20 	79.98 	76.08 	76.13 	76.51 	73.80 	: 	: 	: 	: 	: 	: 	: 	: 	: 	: 	: 	: 	: 	: 	: 	: 	: 	: 	: 	: 
DW_EXST,INX_Q,PL	124.98 	121.35 	118.76 	116.66 	114.23 	111.02 	109.24 	108.01 	106.96 	104.30 	104.40 	104.01 	102.14 	99.64 	99.97 	100.49 	100.42 	99.13 	99.21 	99.46 	100.07 	98.64 	98.66 	98.52 	97.70 	97.38 	99.44 	101.26 	103.01 	103.73 	105.79 	107.11 	108.73 	107.55 	107.34 	108.40 	108.73 	106.50 	: 	: 	: 	: 	: 	: 	: 	: 	: 	: 	: 	: 	: 	: 	: 	: 	: 	: 	: 	: 
DW_EXST,INX_Q,PT	146.30 	142.08 	136.60 	134.11 	132.90 	129.18 	124.72 	122.82 	118.03 	114.34 	111.53 	110.18 	108.34 	104.66 	102.14 	100.96 	99.89 	97.01 	97.19 	95.95 	96.60 	95.02 	94.55 	92.01 	91.51 	90.72 	93.94 	92.92 	94.40 	95.91 	97.29 	101.38 	104.00 	106.52 	107.68 	109.38 	110.72 	110.42 	110.04 	109.17 	108.58 	106.91 	107.53 	110.08 	111.53 	110.87 	: 	: 	: 	: 	: 	: 	: 	: 	: 	: 	: 	: 
DW_EXST,INX_Q,RO	124.26 	122.01 	121.51 	120.62 	121.84 	117.94 	115.39 	113.88 	115.10 	110.53 	107.93 	106.12 	106.48 	103.48 	100.48 	98.65 	99.89 	100.98 	97.20 	95.57 	96.35 	97.74 	97.10 	97.67 	100.05 	100.58 	96.55 	96.53 	100.45 	101.07 	97.63 	102.16 	110.38 	111.80 	117.36 	120.79 	124.86 	126.44 	135.20 	129.12 	130.02 	135.89 	: 	: 	: 	: 	: 	: 	: 	: 	: 	: 	: 	: 	: 	: 	: 	: 
DW_EXST,INX_Q,SE	113.99 	111.89 	112.16 	113.06 	112.36 	111.90 	113.47 	118.10 	116.84 	114.72 	111.57 	109.70 	106.97 	105.91 	104.48 	102.41 	98.32 	94.79 	90.46 	88.71 	85.51 	83.38 	80.84 	79.66 	78.10 	75.99 	74.59 	74.69 	73.80 	72.55 	71.51 	73.52 	73.82 	74.18 	73.66 	72.24 	71.31 	70.45 	69.02 	67.21 	65.08 	62.59 	61.03 	65.58 	66.23 	64.72 	64.50 	66.98 	64.50 	60.41 	57.80 	57.61 	56.00 	54.04 	52.05 	50.45 	48.09 	46.21 
DW_EXST,INX_Q,SI	130.15 	128.19 	127.47 	123.19 	120.16 	116.67 	115.66 	112.51 	111.54 	107.85 	105.54 	104.55 	103.62 	101.38 	98.10 	99.32 	102.20 	100.37 	98.87 	98.58 	99.72 	100.60 	103.84 	105.62 	109.30 	108.61 	109.37 	111.96 	116.28 	113.59 	116.45 	119.34 	120.47 	121.58 	117.24 	117.96 	118.82 	120.67 	117.75 	114.44 	114.66 	118.16 	122.14 	129.02 	125.87 	126.36 	123.93 	121.60 	119.13 	115.84 	: 	: 	: 	: 	: 	: 	: 	: 
DW_EXST,INX_Q,SK	134.15 	128.42 	125.33 	121.88 	121.59 	118.89 	116.06 	114.94 	113.44 	106.93 	110.48 	108.07 	106.02 	103.21 	101.32 	100.28 	100.04 	98.37 	95.39 	94.06 	93.77 	92.65 	92.78 	92.51 	93.02 	92.61 	90.16 	91.88 	91.79 	91.70 	91.60 	93.52 	94.32 	94.51 	93.99 	93.82 	94.48 	94.68 	: 	: 	: 	: 	: 	: 	: 	: 	: 	: 	: 	: 	: 	: 	: 	: 	: 	: 	: 	: 
DW_EXST,INX_Q,UK	115.70 p	114.72 	116.31 	116.79 	114.50 	112.92 	113.45 	113.56 	111.01 	108.51 	108.36 	108.57 	106.23 	104.09 	103.05 	101.91 	98.62 	96.43 	96.81 	96.71 	93.53 	90.29 	89.10 	88.75 	86.57 	84.90 	85.31 	86.39 	85.27 	83.72 	84.60 	85.82 	84.72 	84.02 	85.80 	87.85 	86.58 	84.97 	84.56 	82.84 	79.58 	78.38 	82.89 	88.78 	92.22 	92.78 	95.62 	95.67 	92.97 	89.56 	88.26 	86.61 	83.83 	80.73 	80.13 	80.08 	78.12 	75.92 
DW_EXST,RCH_A,AT	7.1 	5.0 	6.1 	7.0 	3.7 	4.2 	6.2 	3.9 	4.7 	6.0 	7.8 	5.4 	10.4 	14.7 	6.0 	10.2 	4.1 	-0.4 	4.8 	-0.2 	4.8 	3.6 	3.0 	6.6 	5.7 	6.3 	7.0 	7.8 	6.9 	8.5 	6.3 	5.5 	6.6 	6.8 	: 	: 	: 	: 	: 	: 	: 	: 	: 	: 	: 	: 	: 	: 	: 	: 	: 	: 	: 	: 	: 	: 	: 	: 
DW_EXST,RCH_A,BE	3.5 p	3.6 	2.8 	2.2 	3.4 	2.5 	3.1 p	3.3 p	3.0 p	4.4 p	2.9 p	2.3 p	1.7 p	2.2 p	-0.1 p	1.9 p	0.7 p	0.0 p	1.9 	-0.8 	0.0 	-1.2 	-0.3 	0.5 	0.4 	0.7 	1.3 	1.8 	2.6 	3.8 	3.2 	4.2 	4.5 	4.5 	5.6 	4.3 	4.7 	2.7 	0.0 	-0.6 	-1.4 	0.9 	3.3 	5.2 	5.6 	6.5 	8.1 	8.3 	9.5 	10.2 	9.7 	11.4 	12.7 	12.8 	: 	: 	: 	: 
DW_EXST,RCH_A,BG	3.8 p	5.0 	5.3 	5.8 	7.7 	9.7 	10.0 	10.9 	9.2 	8.7 	8.8 	9.3 	7.5 	3.8 	3.6 	0.9 	2.2 	2.4 b	1.2 	0.4 	0.3 	0.0 	-1.2 	-1.8 	-2.2 	-2.0 	-1.4 	-2.2 	-2.6 	-4.3 	-6.2 	-6.1 	-6.4 	-5.6 	-5.6 	-6.0 	-9.6 	-17.8 	-26.3 	-28.0 	-21.9 	-8.4 	11.7 	26.8 	32.2 	31.6 	34.6 	30.6 	27.1 	22.6 	17.4 	14.0 	12.2 	15.1 	: 	: 	: 	: 
DW_EXST,RCH_A,CY	2.8 p	-0.1 	0.7 	0.8 	-2.1 	1.9 	3.3 	0.4 	2.5 	-0.3 	-1.8 	-0.8 	-1.0 	1.0 	-1.5 	-3.2 	1.0 	-2.6 	-2.9 	2.5 	-1.1 	4.3 	-2.2 	-3.3 	-4.5 	-7.5 	-3.0 	-6.4 	-6.7 	-1.8 	-2.0 	2.8 	6.0 	-0.2 	: c	: c	: c	: c	: c	: c	: c	: c	: c	: c	: c	: c	: c	: c	: c	: c	: c	: c	: c	: c	: 	: 	: 	: 
DW_EXST,RCH_A,CZ	8.8 	9.2 	9.3 p	8.3 	7.6 	7.3 	8.1 p	12.0 	13.1 	12.7 	11.1 p	7.3 	5.8 	4.8 	4.4 p	4.1 	3.7 	3.7 	3.8 	2.8 	1.8 	1.4 	0.2 	0.0 	0.0 	-0.4 	-0.8 	-1.4 	-1.7 	-1.3 	-0.6 	0.5 	0.8 	0.3 	0.2 	-0.3 	-1.2 	-4.8 	-7.6 	-8.0 	-5.5 	2.2 	: 	: 	: 	: 	: 	: 	: 	: 	: 	: 	: 	: 	: 	: 	: 	: 
DW_EXST,RCH_A,DE	5.6 p	5.6 p	6.5 	7.1 	6.7 	6.7 	6.6 	5.8 	6.1 	7.1 	8.7 	8.6 	6.9 	6.1 	5.8 	4.3 	4.4 	4.0 	3.0 	3.4 	2.9 	2.8 	1.9 	3.0 	4.7 	4.1 	5.0 	4.8 	2.3 	1.9 	4.3 	2.4 	2.8 	3.7 	-0.7 	1.6 	1.2 	1.2 	1.9 	1.0 	-0.5 	-2.0 	0.1 	-0.2 	1.7 	2.9 	-2.4 	-1.7 	-3.3 	-3.9 	1.3 	-2.7 	1.4 	-1.2 	: 	: 	: 	: 
DW_EXST,RCH_A,DK	3.0 p	1.8 	3.3 	3.7 	4.6 	6.0 	4.4 	4.7 	4.7 	4.5 	4.2 	5.9 	5.0 	5.9 	7.8 	7.1 	6.1 	6.6 	4.1 	3.3 	3.9 	3.5 	3.3 	4.2 	4.3 	2.3 	1.2 	-1.9 	-5.6 	-4.9 	-5.9 	-3.4 	0.9 	0.8 	2.6 	3.4 	3.5 	2.3 	-4.9 	-12.2 	-15.3 	-15.6 	-10.8 	-5.1 	-2.4 	-2.0 	-0.6 	0.5 	2.4 	7.4 	14.6 	23.4 	30.4 	29.3 	: 	: 	: 	: 
DW_EXST,RCH_A,EE	6.4 	7.2 	6.1 	5.0 	2.7 	2.2 	5.9 	6.2 	5.6 	6.2 	4.9 	4.6 	1.9 	6.1 	5.5 	3.8 	6.3 	4.0 	7.3 	9.0 	12.9 	15.3 	13.4 	12.0 	12.5 	7.4 	8.3 	8.9 	2.9 	2.9 	8.1 	6.7 	10.6 	8.5 	7.7 	12.0 	2.8 	-7.3 	-32.0 	-43.6 	-42.7 	-35.5 	-20.6 	-10.5 	-8.1 	-4.4 	-0.1 	9.5 	18.4 	29.4 	49.0 	60.7 	65.1 	60.7 	: 	: 	: 	: 
DW_EXST,RCH_A,ES	5.1 	6.3 	6.5 	7.3 	7.0 	6.3 	7.1 	6.7 	5.8 	5.3 	4.4 	3.5 	3.1 	6.4 	4.0 	4.5 	3.8 	1.1 	1.7 	0.1 	0.2 	-1.7 	-7.7 	-8.0 	-12.1 	-15.3 	-14.0 	-16.4 	-15.7 	-13.3 	-13.7 	-9.6 	-8.3 	-6.3 	-1.6 	-1.8 	0.0 	-1.4 	-3.5 	-8.2 	-11.2 	-12.5 	-10.7 	-8.6 	-4.9 	-0.7 	2.4 	7.5 	10.3 	13.0 	15.4 	: 	: 	: 	: 	: 	: 	: 
DW_EXST,RCH_A,FI	0.1 	-0.1 	0.2 	-0.3 	0.1 	0.0 	0.8 	0.6 	1.1 	1.3 	0.3 	0.5 	0.6 	-0.2 	0.1 	-0.3 	-0.6 	-0.9 	-1.3 	-0.9 	-0.9 	-0.7 	0.1 	0.7 	0.9 	1.1 	2.4 	0.9 	0.3 	1.1 	0.9 	2.1 	3.7 	3.9 	5.1 	8.4 	9.9 	11.1 	: c	: c	: c	: c	: c	: c	: c	: c	: c	: c	: c	: c	: c	: c	: c	: c	: 	: 	: 	: 
DW_EXST,RCH_A,FR	3.2 p	3.0 	3.2 	2.9 	2.9 	3.0 	3.3 	3.3 	3.1 	2.5 	1.5 	1.3 	0.6 	0.3 	-0.4 	-1.8 	-2.7 	-2.4 	-2.5 	-1.5 	-1.4 	-1.9 	-1.9 	-2.3 	-2.2 	-2.0 	-2.1 	-1.6 	-0.2 	1.8 	3.7 	6.1 	7.1 	7.0 	7.6 	6.6 	5.2 	1.2 	-4.1 	-7.8 	-9.1 	-7.4 	-3.8 	0.6 	2.5 	4.3 	5.7 	5.7 	6.8 	8.2 	10.0 	11.2 	12.9 	14.3 	: 	: 	: 	: 
DW_EXST,RCH_A,HR	10.7 	7.1 	5.0 	7.5 	5.0 	8.9 	8.3 	4.3 	4.9 	0.8 	1.8 	2.9 	1.9 	0.6 	0.1 	-1.5 	-3.4 	-0.8 	-1.9 	-2.1 	-0.3 	-0.7 	-2.0 	-4.1 	-4.4 	-6.3 	-5.6 	-2.8 	-1.8 	0.0 	-0.1 	0.0 	-1.8 	-2.0 	-3.6 	-3.4 	-4.5 	-9.2 	-8.6 	-10.3 	-6.6 	-1.8 	: 	: 	: 	: 	: 	: 	: 	: 	: 	: 	: 	: 	: 	: 	: 	: 
DW_EXST,RCH_A,HU	14.3 p	15.7 	15.8 	14.9 	13.6 	13.2 	12.3 	11.8 	11.8 	11.6 	11.8 	12.0 	13.5 	17.2 	14.9 	15.7 	13.1 	9.2 	8.7 	4.6 	2.7 	0.8 	-0.8 	-1.4 	-2.5 	-6.2 	-5.6 	-4.2 	-4.5 	-1.7 	-3.0 	-4.2 	-3.2 	-3.2 	0.1 	-1.1 	-2.1 	-4.5 	-8.0 	-7.3 	-5.7 	-1.3 	-2.4 	0.8 	5.1 	6.4 	: 	: 	: 	: 	: 	: 	: 	: 	: 	: 	: 	: 
DW_EXST,RCH_A,IE	2.4 p	4.1 	7.0 	9.0 	12.6 	12.9 	12.9 	12.7 	12.0 	10.8 	9.6 	8.2 	5.9 	6.7 	5.9 	7.7 	13.5 	18.0 	20.7 	21.2 	18.5 	11.6 	6.1 	3.4 	-1.0 	-2.8 	-4.0 	-9.5 	-16.9 	-20.2 	-20.9 	-20.4 	-16.7 	-14.2 	: 	: 	: 	: 	: 	: 	: 	: 	: 	: 	: 	: 	: 	: 	: 	: 	: 	: 	: 	: 	: 	: 	: 	: 
DW_EXST,RCH_A,IS	4.7 	5.3 	6.1 	5.8 	8.0 	13.7 	: 	: 	: 	: 	: 	: 	: 	: 	: 	: 	: 	: 	: 	: 	: 	: 	: 	: 	: 	: 	: 	: 	: 	: 	: 	: 	: 	: 	: 	: 	: 	: 	: 	: 	: 	: 	: 	: 	: 	: 	: 	: 	: 	: 	: 	: 	: 	: 	: 	: 	: 	: 
DW_EXST,RCH_A,IT	-0.4 p	-1.3 	-0.7 	-1.3 	-0.8 	-1.0 	-1.5 	-1.6 	-1.0 	-0.6 	0.0 	0.2 	0.3 	-0.1 	-2.4 	-3.6 	-5.1 	-6.7 	-5.8 	-5.4 	-5.9 	-5.1 	-7.2 	-8.6 	-9.0 	-9.9 	-7.5 	-5.9 	-4.3 	-0.7 	-0.4 	0.2 	1.5 	0.5 	: 	: 	: 	: 	: 	: 	: 	: 	: 	: 	: 	: 	: 	: 	: 	: 	: 	: 	: 	: 	: 	: 	: 	: 
DW_EXST,RCH_A,LT	6.9 	7.3 	7.0 	6.2 	7.4 	7.8 	6.7 	8.7 	9.2 	9.8 	9.3 	6.1 	5.0 	5.3 	4.3 	2.7 	3.3 	3.0 	4.6 	10.5 	6.8 	5.5 	5.1 	1.7 	2.2 	-0.2 	-3.2 	-2.2 	-0.7 	-1.1 	4.6 	5.8 	4.5 	8.9 	0.6 	-2.1 	-2.5 	-12.6 	-27.9 	-34.5 	-34.6 	-27.7 	-8.1 	3.4 	11.8 	15.7 	26.2 	37.4 	39.7 	32.7 	: 	: 	: 	: 	: 	: 	: 	: 
DW_EXST,RCH_A,LU	11.4 	9.3 	11.0 	7.8 	5.8 	6.5 	3.7 	4.3 	7.8 	7.1 	8.6 	6.9 	4.6 	4.7 	3.0 	4.6 	4.0 	4.2 	5.6 	5.4 	5.2 	4.4 	1.8 	4.0 	3.7 	3.9 	2.7 	5.4 	3.3 	4.4 	6.7 	3.7 	6.6 	2.3 	6.3 	6.3 	3.9 	7.2 	-1.7 	-5.6 	-4.2 	-2.8 	0.5 	0.0 	4.4 	1.2 	: 	: 	: 	: 	: 	: 	: 	: 	: 	: 	: 	: 
DW_EXST,RCH_A,LV	9.3 p	8.1 	12.3 	9.0 	8.8 	10.8 	7.5 	8.0 	10.6 	9.5 	9.2 	9.6 	8.1 	7.2 	4.5 	-5.2 	-2.3 	-5.2 	-1.4 	9.4 	4.6 	8.8 	6.7 	7.3 	9.1 	6.7 	6.9 	0.3 	-0.5 	-3.5 	1.0 	5.5 	9.0 	8.8 	-5.9 	-7.5 	-13.8 	-20.6 	-28.2 	-39.5 	-41.1 	-37.5 	-17.9 	-4.6 	9.0 	17.5 	21.5 	38.3 	44.0 	53.3 	: 	: 	: 	: 	: 	: 	: 	: 
DW_EXST,RCH_A,MT	9.9 p	4.6 p	6.3 p	8.6 p	-2.0 	6.3 	3.6 	3.7 	7.5 	7.2 	5.1 	6.5 	7.9 	7.8 	9.1 	10.3 	2.9 	-2.7 	2.0 	-3.8 	9.8 	4.8 	9.2 	1.0 	2.5 	3.0 	6.3 	7.8 	-4.5 	4.6 	3.3 	-0.3 	-2.3 	0.1 	1.3 	-3.4 	2.4 	-13.1 	-23.3 	-7.9 	2.2 	4.1 	: 	: 	: 	: 	: 	: 	: 	: 	: 	: 	: 	: 	: 	: 	: 	: 
DW_EXST,RCH_A,NL	7.2 	7.9 	8.9 	9.2 	8.8 	9.0 	8.2 	7.6 	7.7 	6.8 	6.1 	5.6 	4.4 	4.1 	3.5 	2.9 	2.5 	2.4 	2.2 	1.8 	1.2 	-1.5 	-4.2 	-4.6 	-8.7 	-8.6 	-7.6 	-8.6 	-5.5 	-4.1 	-3.4 	-2.8 	-2.0 	-1.5 	-1.1 	-0.8 	-2.2 	-4.8 	-5.3 	-5.2 	-2.9 	-0.2 	1.7 	2.8 	3.2 	4.4 	4.2 	4.4 	4.1 	4.1 	4.5 	4.6 	4.6 	4.6 	: 	: 	: 	: 
DW_EXST,RCH_A,NO	2.2 	3.4 	2.9 	3.1 	0.8 	-2.2 	-0.4 	2.4 	8.6 	12.4 	12.1 	9.5 	6.4 	5.0 	5.5 	6.9 	7.5 	8.4 	6.5 	3.4 	1.3 	-0.3 	0.5 	3.1 	6.0 	7.0 	7.4 	7.5 	6.5 	6.3 	8.0 	8.3 	7.4 	8.4 	: 	: 	: 	: 	: 	: 	: 	: 	: 	: 	: 	: 	: 	: 	: 	: 	: 	: 	: 	: 	: 	: 	: 	: 
DW_EXST,RCH_A,PL	9.4 	9.3 	8.7 	8.0 	6.8 	6.4 	4.6 	3.8 	4.7 	4.7 	4.4 	3.5 	1.7 	0.5 	0.8 	1.0 	0.3 	0.5 	0.6 	1.0 	2.4 	1.3 	-0.8 	-2.7 	-5.2 	-6.1 	-6.0 	-5.5 	-5.3 	-3.6 	-1.4 	-1.2 	0.0 	1.0 	: 	: 	: 	: 	: 	: 	: 	: 	: 	: 	: 	: 	: 	: 	: 	: 	: 	: 	: 	: 	: 	: 	: 	: 
DW_EXST,RCH_A,PT	10.1 	10.0 	9.5 	9.2 	12.6 	13.0 	11.8 	11.5 	8.9 	9.2 	9.2 	9.1 	8.5 	7.9 	5.1 	5.2 	3.4 	2.1 	2.8 	4.3 	5.6 	4.7 	0.6 	-1.0 	-3.1 	-5.4 	-3.4 	-8.3 	-9.2 	-10.0 	-9.6 	-7.3 	-6.1 	-3.5 	-2.1 	0.2 	2.0 	3.3 	2.3 	-0.8 	-2.6 	-3.6 	: 	: 	: 	: 	: 	: 	: 	: 	: 	: 	: 	: 	: 	: 	: 	: 
DW_EXST,RCH_A,RO	2.0 	3.5 	5.3 	5.9 	5.9 	6.7 	6.9 	7.3 	8.1 	6.8 	7.4 	7.6 	6.6 	2.5 	3.4 	3.2 	3.7 	3.3 	0.1 	-2.2 	-3.7 	-2.8 	0.6 	1.2 	-0.4 	-0.5 	-1.1 	-5.5 	-9.0 	-9.6 	-16.8 	-15.4 	-11.6 	-11.6 	-13.2 	-6.5 	-4.0 	-7.0 	: 	: 	: 	: 	: 	: 	: 	: 	: 	: 	: 	: 	: 	: 	: 	: 	: 	: 	: 	: 
DW_EXST,RCH_A,SE	1.5 	0.0 	-1.2 	-4.3 	-3.8 	-2.5 	1.7 	7.7 	9.2 	8.3 	6.8 	7.1 	8.8 	11.7 	15.5 	15.4 	15.0 	13.7 	11.9 	11.4 	9.5 	9.7 	8.4 	6.7 	5.8 	4.7 	4.3 	1.6 	0.0 	-2.2 	-2.9 	1.8 	3.5 	5.3 	6.7 	7.5 	9.6 	12.6 	13.1 	2.5 	-1.7 	-3.3 	-5.4 	-2.1 	2.7 	7.1 	11.6 	16.3 	15.2 	11.8 	11.0 	14.2 	16.4 	16.9 	: 	: 	: 	: 
DW_EXST,RCH_A,SI	8.3 	9.9 	10.2 	9.5 	7.7 	8.2 	9.6 	7.6 	7.6 	6.4 	7.6 	5.3 	1.4 	1.0 	-0.8 	0.8 	2.5 	-0.2 	-4.8 	-6.7 	-8.8 	-7.4 	-5.1 	-5.7 	-6.0 	-4.4 	-6.1 	-6.2 	-3.5 	-6.6 	-0.7 	1.2 	1.4 	0.8 	-0.4 	3.1 	3.6 	2.1 	-3.6 	-11.3 	-8.9 	-6.5 	-1.4 	6.1 	5.7 	9.1 	: 	: 	: 	: 	: 	: 	: 	: 	: 	: 	: 	: 
DW_EXST,RCH_A,SK	10.3 	8.0 	8.0 	6.0 	7.2 	11.2 	5.1 	6.4 	7.0 	3.6 	9.0 	7.8 	6.0 	4.9 	6.2 	6.6 	6.7 	6.2 	2.8 	1.7 	0.8 	0.0 	2.9 	0.7 	1.3 	1.0 	-1.6 	-1.8 	-2.7 	-3.0 	-2.5 	-0.3 	-0.2 	-0.2 	: 	: 	: 	: 	: 	: 	: 	: 	: 	: 	: 	: 	: 	: 	: 	: 	: 	: 	: 	: 	: 	: 	: 	: 
DW_EXST,RCH_A,UK	1.0 p	1.6 	2.5 	2.8 	3.1 	4.1 	4.7 	4.6 	4.5 	4.2 	5.2 	6.5 	7.7 	7.9 	6.4 	5.4 	5.4 	6.8 	8.7 	9.0 	8.0 	6.3 	4.4 	2.7 	1.5 	1.4 	0.8 	0.7 	0.6 	-0.4 	-1.4 	-2.3 	-2.1 	-1.1 	1.5 	6.0 	8.8 	8.4 	2.0 	-6.7 	-13.7 	-15.5 	-13.3 	-7.2 	-0.8 	3.6 	8.3 	10.5 	10.9 	10.9 	10.1 	8.2 	7.3 	6.3 	: 	: 	: 	: 
DW_EXST,RCH_Q,AT	3.0 	0.3 	1.2 	2.4 	0.9 	1.4 	2.1 	-0.7 	1.3 	3.4 	-0.1 	0.1 	2.5 	5.1 	-2.3 	4.8 	6.6 	-2.8 	1.5 	-1.0 	2.0 	2.3 	-3.4 	4.0 	0.8 	1.7 	-0.1 	3.1 	1.4 	2.4 	0.7 	2.2 	2.9 	0.3 	-0.1 	3.3 	3.1 	: 	: 	: 	: 	: 	: 	: 	: 	: 	: 	: 	: 	: 	: 	: 	: 	: 	: 	: 	: 	: 
DW_EXST,RCH_Q,BE	0.4 p	1.3 	0.0 	1.8 	0.6 	0.5 	-0.7 	3.0 	-0.3 	1.0 p	-0.4 p	2.7 p	1.1 p	-0.4 p	-1.0 p	2.1 p	1.5 p	-2.6 p	0.9 	0.9 	0.9 	-0.8 	-1.7 	1.7 	-0.3 	0.1 	-0.9 	1.5 	0.0 	0.8 	-0.4 	2.2 	1.1 	0.2 	0.5 	2.5 	1.1 	1.3 	-0.7 	3.0 	-0.9 	-1.3 	-1.3 	2.1 	1.5 	1.0 	0.6 	2.5 	2.3 	2.5 	0.8 	3.6 	2.9 	2.0 	2.4 	4.8 	3.0 	: 
DW_EXST,RCH_Q,BG	1.0 p	1.1 	1.4 	0.2 	2.3 	1.3 	2.0 	1.9 	4.2 	1.6 	2.8 	0.4 	3.7 	1.6 	3.3 	-1.3 	0.2 	1.5 b	0.7 	-0.1 	0.3 	0.2 	-0.1 	-0.1 	-0.1 	-0.9 	-0.7 	-0.5 	0.2 	-0.4 	-1.5 	-0.8 	-1.6 	-2.3 	-1.5 	-1.2 	-0.8 	-2.3 	-1.9 	-5.0 	-9.7 	-12.4 	-4.1 	3.1 	5.9 	6.8 	8.8 	7.5 	5.4 	9.3 	5.5 	4.6 	1.6 	4.7 	2.4 	2.9 	4.3 	: 
DW_EXST,RCH_Q,CY	0.5 p	0.1 	0.6 	1.6 	-2.3 	0.8 	0.7 	-1.2 	1.6 	2.2 	-2.2 	0.8 	-1.2 	0.7 	-1.2 	0.7 	0.8 	-1.8 	-3.0 	5.1 	-2.9 	-2.0 	2.4 	1.4 	2.4 	-8.1 	1.2 	0.2 	-0.8 	-3.5 	-2.4 	-0.1 	4.4 	-3.7 	2.4 	2.9 	-1.7 	: c	: c	: c	: c	: c	: c	: c	: c	: c	: c	: c	: c	: c	: c	: c	: c	: c	: c	: c	: c	: 
DW_EXST,RCH_Q,CZ	2.1 	1.9 p	2.1 p	2.3 	2.6 	2.0 p	1.1 p	1.7 	2.3 	2.8 p	4.7 p	2.7 	1.9 	1.4 p	1.1 p	1.3 	0.9 	1.0 	0.8 	0.8 	0.9 	1.2 	-0.2 	-0.1 	0.5 	0.0 	-0.4 	-0.1 	0.1 	-0.4 	-0.9 	-0.4 	0.5 	0.2 	0.2 	-0.1 	0.0 	0.1 	-0.3 	-1.0 	-3.6 	-2.8 	-0.8 	1.7 	4.2 	: 	: 	: 	: 	: 	: 	: 	: 	: 	: 	: 	: 	: 
DW_EXST,RCH_Q,DE	2.1 p	-0.1 p	1.5 	2.0 	2.1 	0.7 	2.2 	1.6 	2.1 	0.6 	1.4 	1.9 	3.1 	2.1 	1.3 	0.3 	2.4 	1.8 	-0.2 	0.4 	2.0 	0.8 	0.2 	-0.1 	2.0 	-0.2 	1.3 	1.6 	1.4 	0.7 	1.0 	-0.8 	0.9 	3.1 	-0.8 	-0.4 	1.8 	-1.3 	1.4 	-0.7 	1.8 	-0.6 	0.5 	-2.1 	0.2 	1.6 	0.1 	-0.2 	1.5 	-3.7 	0.8 	-1.9 	0.8 	1.6 	-3.1 	2.3 	-1.8 	: 
DW_EXST,RCH_Q,DK	2.6 p	2.2 	-2.2 	0.4 	1.4 	3.8 	-1.9 	1.3 	2.7 	2.2 	-1.6 	1.4 	2.5 	1.9 	0.0 	0.4 	3.4 	3.8 	-0.6 	-0.5 	3.8 	1.4 	-1.4 	0.2 	3.4 	1.1 	-0.5 	0.2 	1.5 	0.0 	-3.6 	-3.5 	2.2 	-1.0 	-1.1 	0.8 	2.2 	0.7 	-0.4 	0.9 	1.1 	-6.4 	-8.0 	-2.7 	0.7 	-1.1 	-2.1 	0.1 	1.1 	0.3 	-1.0 	1.9 	6.1 	7.1 	6.6 	7.7 	5.2 	: 
DW_EXST,RCH_Q,EE	1.8 	-0.7 	2.8 	2.4 	2.5 	-1.7 	1.7 	0.2 	2.0 	1.8 	2.0 	-0.4 	2.6 	0.7 	1.6 	-2.8 	6.8 	0.1 	-0.1 	-0.4 	4.4 	3.2 	1.5 	3.1 	6.7 	1.6 	0.2 	3.6 	1.8 	2.5 	0.8 	-2.2 	1.8 	7.6 	-0.5 	1.4 	-0.1 	6.8 	3.5 	-6.9 	-9.8 	-21.7 	-14.2 	-5.4 	1.6 	-3.7 	-3.2 	-2.9 	5.7 	0.6 	6.0 	5.0 	15.5 	15.8 	14.4 	7.9 	12.4 	: 
DW_EXST,RCH_Q,ES	1.4 	1.1 	0.3 	2.2 	2.6 	1.3 	1.1 	1.9 	1.9 	2.1 	0.7 	1.0 	1.4 	1.3 	-0.3 	0.7 	4.6 	-1.0 	0.3 	0.0 	1.9 	-0.4 	-1.3 	0.1 	-0.1 	-6.5 	-1.6 	-4.4 	-3.7 	-5.1 	-4.3 	-3.6 	-0.9 	-5.6 	0.3 	-2.2 	1.2 	-0.9 	0.1 	-0.5 	-0.1 	-3.0 	-4.8 	-3.6 	-1.7 	-1.0 	-2.5 	0.2 	2.7 	2.0 	2.3 	2.8 	5.2 	4.2 	: 	: 	: 	: 
DW_EXST,RCH_Q,FI	1.7 	-0.2 	-0.3 	-1.1 	1.5 	0.1 	-0.7 	-0.7 	1.4 	0.8 	-0.9 	-0.3 	1.6 	-0.2 	-0.6 	-0.2 	0.8 	0.1 	-1.0 	-0.5 	0.5 	-0.3 	-0.6 	-0.5 	0.7 	0.5 	0.1 	-0.3 	0.9 	1.7 	-1.3 	-0.9 	1.7 	1.6 	-0.2 	0.6 	1.8 	2.8 	3.0 	2.0 	2.9 	: c	: c	: c	: c	: c	: c	: c	: c	: c	: c	: c	: c	: c	: c	: c	: c	: 
DW_EXST,RCH_Q,FR	1.1 p	0.0 	-0.4 	2.5 	0.9 	0.2 	-0.7 	2.4 	1.0 	0.5 	-0.7 	2.2 	0.4 	-0.4 	-0.9 	1.6 	0.1 	-1.2 	-2.3 	0.7 	0.3 	-1.3 	-1.2 	0.8 	-0.2 	-1.3 	-1.6 	0.9 	0.0 	-1.4 	-1.2 	2.3 	2.1 	0.4 	1.1 	3.2 	2.1 	0.9 	0.2 	1.9 	-1.8 	-4.4 	-3.6 	0.5 	0.0 	-0.7 	0.7 	2.4 	1.8 	0.7 	0.7 	3.5 	3.1 	2.4 	1.8 	5.0 	4.4 	: 
DW_EXST,RCH_Q,HR	3.2 	3.0 	1.2 	2.9 	-0.1 	1.0 	3.6 	0.5 	3.6 	0.5 	-0.3 	1.1 	-0.5 	1.5 	0.8 	0.0 	-1.8 	1.0 	-0.8 	-1.9 	0.9 	0.0 	-1.0 	-0.1 	0.5 	-1.4 	-3.1 	-0.4 	-1.5 	-0.6 	-0.3 	0.6 	0.3 	-0.7 	-0.2 	-1.2 	0.2 	-2.4 	0.0 	-2.2 	-4.7 	-1.8 	-1.9 	1.8 	0.2 	: 	: 	: 	: 	: 	: 	: 	: 	: 	: 	: 	: 	: 
DW_EXST,RCH_Q,HU	1.7 p	5.0 	2.7 	4.3 	2.9 	5.1 	1.9 	3.0 	2.5 	4.3 	1.5 	3.0 	2.3 	4.5 	1.7 	4.4 	5.6 	2.5 	2.4 	2.0 	2.0 	2.0 	-1.4 	0.2 	0.2 	0.3 	-2.0 	-1.0 	-3.6 	1.0 	-0.6 	-1.3 	-0.8 	-0.3 	-1.9 	-0.2 	-0.9 	3.1 	-3.0 	-1.2 	-3.3 	-0.7 	-2.2 	0.4 	1.2 	-1.8 	1.1 	4.7 	2.5 	: 	: 	: 	: 	: 	: 	: 	: 	: 
DW_EXST,RCH_Q,IE	0.4 p	-1.4 	0.9 	2.5 	2.1 	1.3 	2.8 	5.9 	2.3 	1.3 	2.7 	5.2 	1.2 	0.2 	1.3 	3.0 	2.0 	-0.5 	3.0 	8.6 	6.0 	1.8 	3.4 	6.2 	-0.2 	-3.2 	0.8 	1.7 	-2.1 	-4.3 	-5.0 	-6.6 	-6.1 	-5.1 	-4.4 	-2.3 	-3.2 	: 	: 	: 	: 	: 	: 	: 	: 	: 	: 	: 	: 	: 	: 	: 	: 	: 	: 	: 	: 	: 
DW_EXST,RCH_Q,IS	0.7 	0.7 	1.2 	2.1 	1.2 	1.4 	1.0 	4.2 	6.6 	: 	: 	: 	: 	: 	: 	: 	: 	: 	: 	: 	: 	: 	: 	: 	: 	: 	: 	: 	: 	: 	: 	: 	: 	: 	: 	: 	: 	: 	: 	: 	: 	: 	: 	: 	: 	: 	: 	: 	: 	: 	: 	: 	: 	: 	: 	: 	: 	: 
DW_EXST,RCH_Q,IT	1.5 p	-0.6 	-0.3 	-1.0 	0.6 	0.0 	-0.9 	-0.5 	0.4 	-0.5 	-1.0 	0.1 	0.8 	0.1 	-0.8 	0.2 	0.4 	-2.3 	-1.9 	-1.4 	-1.3 	-1.3 	-1.5 	-1.9 	-0.4 	-3.5 	-3.1 	-2.3 	-1.4 	-1.0 	-1.3 	-0.7 	2.3 	-0.6 	-0.8 	0.6 	1.3 	: 	: 	: 	: 	: 	: 	: 	: 	: 	: 	: 	: 	: 	: 	: 	: 	: 	: 	: 	: 	: 
DW_EXST,RCH_Q,LT	2.3 	2.7 	0.9 	0.8 	2.7 	2.5 	0.1 	1.9 	3.1 	1.4 	1.9 	2.4 	3.7 	1.0 	-1.0 	1.4 	3.9 	0.1 	-2.6 	1.9 	3.6 	1.6 	3.0 	-1.5 	2.4 	1.2 	-0.4 	-1.0 	0.0 	-1.8 	0.6 	0.5 	-0.4 	3.9 	1.7 	-0.7 	3.8 	-4.0 	-1.0 	-1.1 	-6.9 	-20.8 	-10.1 	-1.3 	2.9 	0.7 	1.1 	6.6 	6.5 	9.9 	10.0 	8.5 	1.2 	: 	: 	: 	: 	: 
DW_EXST,RCH_Q,LU	3.8 	2.0 	3.5 	1.6 	1.9 	3.6 	0.5 	-0.3 	2.5 	0.9 	1.1 	3.1 	1.9 	2.3 	-0.6 	0.9 	2.0 	0.6 	1.0 	0.4 	2.2 	1.9 	0.8 	0.2 	1.4 	-0.6 	2.9 	-0.1 	1.6 	-1.8 	5.6 	-2.0 	2.8 	0.4 	2.6 	0.7 	-1.4 	4.3 	2.6 	-1.6 	1.8 	-4.3 	-1.5 	-0.1 	3.2 	-1.0 	-2.0 	4.3 	0.1 	: 	: 	: 	: 	: 	: 	: 	: 	: 
DW_EXST,RCH_Q,LV	5.4 p	0.7 	3.5 	-0.4 	4.2 	4.6 	0.5 	-0.7 	6.1 	1.6 	0.9 	1.8 	5.1 	1.2 	1.2 	0.4 	4.2 	-1.3 	-8.2 	3.5 	1.1 	2.7 	1.8 	-1.1 	5.2 	0.6 	2.5 	0.5 	2.9 	0.8 	-3.9 	-0.3 	-0.1 	5.5 	0.5 	3.0 	-0.3 	-8.7 	-1.3 	-4.1 	-8.2 	-17.4 	-16.8 	-6.7 	-2.5 	8.5 	-3.3 	6.6 	5.1 	12.1 	10.0 	11.1 	11.9 	: 	: 	: 	: 	: 
DW_EXST,RCH_Q,MT	3.0 p	-5.7 p	1.4 p	11.6 p	-2.0 	-4.1 	3.6 	0.6 	6.3 	-6.5 	3.7 	4.4 	6.0 	-8.3 	5.0 	5.8 	5.9 	-7.2 	6.2 	-1.3 	0.1 	-2.8 	0.2 	12.6 	-4.4 	1.3 	-7.4 	14.3 	-4.0 	4.6 	-6.1 	1.3 	5.2 	3.2 	-9.3 	-0.8 	7.8 	4.5 	-13.6 	5.2 	-8.6 	-7.8 	3.8 	16.8 	-6.9 	: 	: 	: 	: 	: 	: 	: 	: 	: 	: 	: 	: 	: 
DW_EXST,RCH_Q,NL	1.1 	1.7 	1.5 	2.7 	1.8 	2.7 	1.7 	2.4 	1.9 	2.0 	1.1 	2.5 	1.0 	1.3 	0.6 	1.3 	0.8 	0.8 	0.1 	0.9 	0.6 	0.6 	-0.4 	0.4 	-2.0 	-2.3 	-0.7 	-3.9 	-1.9 	-1.3 	-1.7 	-0.7 	-0.4 	-0.5 	-1.1 	0.1 	0.1 	-0.2 	-0.8 	-1.4 	-2.5 	-0.7 	-0.8 	1.1 	0.1 	1.2 	0.3 	1.5 	1.2 	1.1 	0.5 	1.3 	1.2 	1.5 	0.6 	1.2 	1.2 	: 
DW_EXST,RCH_Q,NO	2.4 	2.5 	-2.0 	-0.7 	3.6 	2.0 	-1.9 	-2.9 	0.6 	3.9 	0.9 	3.0 	4.1 	3.6 	-1.5 	0.1 	2.7 	4.1 	-0.1 	0.7 	3.6 	2.3 	-3.0 	-1.4 	2.0 	3.1 	-0.5 	1.3 	2.9 	3.5 	-0.4 	0.3 	2.8 	5.1 	-0.1 	-0.5 	3.7 	: 	: 	: 	: 	: 	: 	: 	: 	: 	: 	: 	: 	: 	: 	: 	: 	: 	: 	: 	: 	: 
DW_EXST,RCH_Q,PL	3.0 	2.2 	1.8 	2.1 	2.9 	1.6 	1.1 	1.0 	2.6 	-0.1 	0.4 	1.8 	2.5 	-0.3 	-0.5 	0.1 	1.3 	-0.1 	-0.3 	-0.6 	1.4 	0.0 	0.1 	0.8 	0.3 	-2.1 	-1.8 	-1.7 	-0.7 	-1.9 	-1.2 	-1.5 	1.1 	0.2 	-1.0 	-0.3 	2.1 	: 	: 	: 	: 	: 	: 	: 	: 	: 	: 	: 	: 	: 	: 	: 	: 	: 	: 	: 	: 	: 
DW_EXST,RCH_Q,PT	3.0 	4.0 	1.9 	0.9 	2.9 	3.6 	1.5 	4.1 	3.2 	2.5 	1.2 	1.7 	3.5 	2.5 	1.2 	1.1 	3.0 	-0.2 	1.3 	-0.7 	1.7 	0.5 	2.8 	0.5 	0.9 	-3.4 	1.1 	-1.6 	-1.6 	-1.4 	-4.0 	-2.5 	-2.4 	-1.1 	-1.6 	-1.2 	0.3 	0.3 	0.8 	0.5 	1.6 	-0.6 	-2.3 	-1.3 	0.6 	: 	: 	: 	: 	: 	: 	: 	: 	: 	: 	: 	: 	: 
DW_EXST,RCH_Q,RO	1.8 	0.4 	0.7 	-1.0 	3.3 	2.2 	1.3 	-1.1 	4.1 	2.4 	1.7 	-0.3 	2.9 	3.0 	1.9 	-1.2 	-1.1 	3.9 	1.7 	-0.8 	-1.4 	0.7 	-0.6 	-2.4 	-0.5 	4.2 	0.0 	-3.9 	-0.6 	3.5 	-4.4 	-7.4 	-1.3 	-4.7 	-2.8 	-3.3 	-1.2 	-6.5 	4.7 	-0.7 	-4.3 	: 	: 	: 	: 	: 	: 	: 	: 	: 	: 	: 	: 	: 	: 	: 	: 	: 
DW_EXST,RCH_Q,SE	1.9 	-0.2 	-0.8 	0.6 	0.4 	-1.4 	-3.9 	1.1 	1.8 	2.8 	1.7 	2.6 	1.0 	1.4 	2.0 	4.2 	3.7 	4.8 	2.0 	3.7 	2.6 	3.1 	1.5 	2.0 	2.8 	1.9 	-0.1 	1.2 	1.7 	1.5 	-2.7 	-0.4 	-0.5 	0.7 	2.0 	1.3 	1.2 	2.1 	2.7 	3.3 	4.0 	2.6 	-6.9 	-1.0 	2.3 	0.3 	-3.7 	3.8 	6.8 	4.5 	0.3 	2.9 	3.6 	3.8 	3.2 	4.9 	4.1 	: 
DW_EXST,RCH_Q,SI	1.5 	0.6 	3.5 	2.5 	3.0 	0.9 	2.8 	0.9 	3.4 	2.2 	0.9 	0.9 	2.2 	3.3 	-1.2 	-2.8 	1.8 	1.5 	0.3 	-1.1 	-0.9 	-3.1 	-1.7 	-3.4 	0.6 	-0.7 	-2.3 	-3.7 	2.4 	-2.5 	-2.4 	-0.9 	-0.9 	3.7 	-0.6 	-0.7 	-1.5 	2.5 	2.9 	-0.2 	-3.0 	-3.3 	-5.3 	2.5 	-0.4 	2.0 	1.9 	2.1 	2.8 	: 	: 	: 	: 	: 	: 	: 	: 	: 
DW_EXST,RCH_Q,SK	4.5 	2.5 	2.8 	0.2 	2.3 	2.4 	1.0 	1.3 	6.1 	-3.2 	2.2 	1.9 	2.7 	1.9 	1.0 	0.2 	1.7 	3.1 	1.4 	0.3 	1.2 	-0.1 	0.3 	-0.5 	0.4 	2.7 	-1.9 	0.1 	0.1 	0.1 	-2.1 	-0.8 	-0.2 	0.6 	0.2 	-0.7 	-0.2 	: 	: 	: 	: 	: 	: 	: 	: 	: 	: 	: 	: 	: 	: 	: 	: 	: 	: 	: 	: 	: 
DW_EXST,RCH_Q,UK	0.9 p	-1.4 	-0.4 	2.0 	1.4 	-0.5 	-0.1 	2.3 	2.3 	0.1 	-0.2 	2.2 	2.1 	1.0 	1.1 	3.3 	2.3 	-0.4 	0.1 	3.4 	3.6 	1.3 	0.4 	2.5 	2.0 	-0.5 	-1.3 	1.3 	1.9 	-1.0 	-1.4 	1.3 	0.8 	-2.1 	-2.3 	1.5 	1.9 	0.5 	2.1 	4.1 	1.5 	-5.4 	-6.6 	-3.7 	-0.6 	-3.0 	-0.1 	2.9 	3.8 	1.5 	1.9 	3.3 	3.8 	0.7 	0.1 	2.5 	2.9 	: 
DW_NEW,INX_Q,AT	119.62 	114.96 	115.23 	112.66 	113.56 	112.72 	113.50 	113.35 	109.43 	103.61 	105.61 	105.36 	102.41 	101.80 	102.73 	101.34 	100.54 	95.39 	94.54 	96.08 	95.56 	95.56 	91.22 	91.45 	92.82 	88.55 	87.27 	88.50 	87.63 	86.14 	84.03 	83.00 	81.28 	80.46 	78.54 	76.77 	79.17 	75.60 	: 	: 	: 	: 	: 	: 	: 	: 	: 	: 	: 	: 	: 	: 	: 	: 	: 	: 	: 	: 
DW_NEW,INX_Q,BE	112.92 p	112.17 	111.54 	114.39 	111.21 	108.24 	110.11 	110.09 	105.53 	105.92 	104.85 p	104.94 p	102.83 p	101.32 p	103.12 p	101.94 p	99.49 p	95.45 p	97.08 	96.53 	94.09 	93.98 	98.80 	97.68 	97.73 	95.73 	93.74 	94.13 	94.20 	93.79 	93.26 	92.72 	91.63 	91.37 	89.46 	88.75 	88.60 	88.23 	87.80 	89.18 	88.51 	89.62 	90.79 	89.66 	89.84 	88.68 	87.79 	87.97 	87.71 	86.80 	85.05 	84.56 	83.74 	81.95 	80.55 	79.90 	79.71 	79.53 
DW_NEW,INX_Q,BG	129.02 p	129.23 	122.30 	122.41 	120.00 	115.46 	115.24 	114.17 	111.91 	112.83 	110.03 	108.21 	104.28 	103.12 	102.83 	100.24 	99.45 	97.48 	98.35 	96.58 	95.92 	95.62 	93.50 	93.10 	95.20 	93.97 	94.62 	97.77 	97.37 	96.57 	95.74 	96.53 	96.05 	99.06 	98.74 	97.60 	97.85 	97.26 	98.52 	107.82 	110.50 	121.44 e	123.82 e	129.18 e	125.36 e	118.40 e	110.83 e	101.91 e	94.81 e	89.99 e	82.32 e	78.02 e	74.62 e	73.41 e	70.09 e	68.44 e	66.52 e	63.79 e
DW_NEW,INX_Q,CY	116.44 p	110.22 	109.09 	103.91 	105.75 	103.60 	106.85 	103.16 	103.00 	99.24 	104.67 	102.61 	99.18 	96.06 	99.30 	103.14 	100.77 	96.79 	101.73 	102.14 	105.25 	96.57 	99.52 	103.47 	106.31 	106.84 	108.78 	111.87 	106.31 	106.52 	106.73 	110.64 	114.24 	112.54 	111.87 	113.22 	114.81 	116.32 	: c	: c	: c	: c	: c	: c	: c	: c	: c	: c	: c	: c	: c	: c	: c	: c	: c	: c	: c	: c
DW_NEW,INX_Q,CZ	145.30 	142.10 	139.60 p	138.60 	133.90 	127.30 	123.00 p	122.90 	120.20 	116.20 	111.40 p	106.20 	104.20 	101.70 	101.30 p	100.70 	100.30 	97.70 	96.10 	95.30 	94.80 	95.30 	94.30 	93.80 	93.80 	92.90 	94.10 	92.70 	93.80 	93.90 	94.10 	95.60 	97.20 	96.10 	96.40 	97.00 	98.20 	97.30 	98.30 	100.70 	101.00 	100.90 	98.90 	97.40 	97.50 	94.30 	: 	: 	: 	: 	: 	: 	: 	: 	: 	: 	: 	: 
DW_NEW,INX_Q,DE	121.20 p	119.80 p	120.00 	121.00 	118.10 	116.50 	114.40 	112.90 	110.50 	109.30 	109.50 	107.50 	106.20 	104.20 	102.70 	100.70 	99.10 	97.50 	96.50 	96.10 	94.30 	92.30 	91.20 	91.50 	92.00 	90.90 	91.80 	90.60 	89.70 	89.10 	88.30 	89.50 	88.10 	85.40 	84.40 	84.80 	82.60 	82.60 	83.60 	82.90 	79.90 	80.10 	77.40 	78.00 	77.60 	76.70 	76.50 	76.80 	76.30 	71.90 	74.60 	73.80 	72.70 	74.30 	74.20 	75.10 	73.60 	75.60 
DW_NEW,INX_Q,DK	102.67 p	102.18 	102.38 	101.98 	101.98 	100.81 	100.22 	99.93 	99.83 	100.03 	99.83 	99.34 	99.34 	98.95 	98.66 	98.01 	98.01 	105.32 	103.42 	83.63 	85.58 	85.54 	80.43 	78.95 	87.08 	74.17 	55.03 	51.42 	47.20 	48.84 	46.64 	48.40 	44.85 	42.44 	40.53 	40.46 	40.48 	40.46 	40.70 	40.96 	42.10 	40.36 	42.27 	44.14 	43.98 	47.25 	49.63 	48.41 	47.27 	44.67 	43.83 	44.11 	41.56 	37.41 	35.60 	33.38 	30.57 	27.21 
DW_NEW,INX_Q,EE	126.80 	126.94 	121.07 	117.78 	121.01 	121.92 	115.21 	114.44 	105.45 	108.01 	111.42 	111.69 	101.13 	97.06 	98.65 	99.36 	99.51 	102.48 	94.53 	95.03 	82.38 	88.04 	81.11 	77.11 	69.48 	71.73 	67.20 	70.74 	70.54 	66.13 	66.99 	66.07 	58.55 	55.24 	55.19 	60.15 	55.83 	54.40 	44.88 	50.15 	54.68 	55.76 	70.77 	83.08 	75.15 	84.49 	86.16 	85.04 	87.49 	81.41 	75.64 	62.85 	56.32 	56.75 	52.61 	47.50 	46.76 	41.21 
DW_NEW,INX_Q,ES	127.96 	128.52 	123.20 	121.61 	119.21 	116.19 	113.89 	114.76 	113.09 	109.99 	105.99 	107.66 	108.04 	104.10 	101.68 	100.33 	99.72 	98.27 	96.12 	96.21 	95.08 	94.50 	94.36 	95.46 	93.28 	95.54 	97.13 	98.21 	101.11 	103.76 	109.03 	116.04 	120.26 	122.04 	123.66 	124.14 	125.68 	123.33 	125.22 	126.25 	127.87 	128.76 	131.92 	133.72 	133.02 	131.37 	130.87 	128.95 	126.29 	122.60 	119.20 	115.75 	111.45 	108.21 	104.97 	: 	: 	: 
DW_NEW,INX_Q,FI	108.30 	106.60 	107.90 	106.65 	105.88 	103.60 	103.31 	103.29 	103.69 	103.73 	101.41 	100.28 	100.88 	100.51 	100.46 	99.87 	99.54 	100.14 	99.15 	98.73 	99.06 	98.80 	97.75 	98.38 	97.72 	97.85 	96.93 	96.28 	95.86 	94.46 	93.02 	92.14 	91.15 	89.34 	88.64 	88.33 	86.58 	87.32 	86.44 	86.21 	85.80 	86.79 	: c	: c	: c	: c	: c	: c	: c	: c	: c	: c	: c	: c	: c	: c	: c	: c
DW_NEW,INX_Q,FR	111.98 p	109.80 	109.95 	108.04 	108.14 	107.41 	106.97 	105.74 	105.53 	104.66 p	103.13 	102.50 	101.15 	100.08 	100.33 	100.38 	100.04 	99.24 	98.66 	98.82 	97.68 	98.17 	98.67 	99.22 	97.70 	97.23 	97.96 	98.19 	99.21 	98.96 	99.95 	99.55 	99.03 	98.01 	96.12 	94.87 	94.40 	92.79 	92.91 	92.09 	92.15 	91.12 	90.76 	92.16 	93.34 	91.28 	91.44 	91.49 	90.38 	88.86 	87.81 	86.59 	85.90 	: 	81.98 	79.97 	78.25 	75.72 
DW_NEW,INX_Q,HR	106.55 	109.00 	101.49 	100.78 	98.51 	99.03 	98.73 	97.76 	96.71 	92.86 	94.84 	96.67 	95.80 	99.07 	99.48 	100.98 	98.67 	100.87 	106.86 	107.84 	106.19 	105.29 	107.39 	109.24 	108.07 	110.72 	108.60 	112.83 	114.15 	115.41 	116.00 	113.91 	112.99 	109.30 	110.57 	109.63 	110.20 	113.93 	115.53 	120.83 	122.15 	123.62 	121.27 	126.03 	123.49 	121.72 	: 	: 	: 	: 	: 	: 	: 	: 	: 	: 	: 	: 
DW_NEW,INX_Q,HU	160.18 p	159.26 	151.52 	151.01 	146.81 	145.33 	138.61 	132.75 	129.05 	122.61 	112.50 	110.41 	110.56 	106.95 	101.34 	103.61 	98.52 	96.53 	91.62 	92.96 	93.82 	90.02 	89.22 	88.47 	88.53 	87.25 	86.63 	88.29 	86.88 	87.86 	87.14 	86.38 	87.72 	88.75 	88.55 	90.34 	92.14 	90.71 	92.09 	93.28 	97.26 	98.87 	98.79 	99.24 	98.92 	96.89 	96.25 	96.78 	97.13 	95.07 	: 	: 	: 	: 	: 	: 	: 	: 
DW_NEW,INX_Q,IE	122.39 p	121.24 	121.22 	121.20 	120.03 	115.50 	112.29 	111.16 	108.08 	106.49 	105.96 	104.95 	107.06 	106.92 	105.13 	102.43 	98.11 	94.33 	91.70 	87.90 	84.93 	83.78 	84.08 	85.46 	84.26 	83.01 	82.96 	82.10 	84.13 	87.45 	92.59 	99.72 	104.03 	106.80 	109.93 	115.09 	120.17 	125.00 	: 	: 	: 	: 	: 	: 	: 	: 	: 	: 	: 	: 	: 	: 	: 	: 	: 	: 	: 	: 
DW_NEW,INX_Q,IT	101.30 p	101.40 	102.10 	101.20 	101.20 	99.90 	101.50 	99.60 	100.00 	98.90 	101.30 	100.80 	100.50 	100.30 	100.30 	101.60 	98.80 	99.30 	101.30 	101.80 	102.30 	102.70 	103.70 	104.80 	105.30 	105.40 	106.50 	106.10 	106.80 	105.90 	105.10 	104.40 	104.00 	102.30 	102.60 	101.00 	99.90 	99.50 	: 	: 	: 	: 	: 	: 	: 	: 	: 	: 	: 	: 	: 	: 	: 	: 	: 	: 	: 	: 
DW_NEW,INX_Q,LT	127.61 	127.82 	123.93 	122.49 	120.43 	117.23 	114.57 	113.97 	112.06 	108.62 	106.89 	105.34 	98.98 	97.53 	97.23 	102.57 	100.42 	99.78 	97.12 	96.29 	96.06 	90.67 	89.50 	88.48 	90.99 	92.83 	93.84 	96.07 	86.28 	91.95 	85.56 	84.41 	87.36 	82.67 	78.03 	76.19 	76.84 	77.60 	75.78 	83.20 	90.84 	94.09 	116.40 	118.85 	122.04 	116.63 	107.57 	103.81 	97.73 	98.84 	105.87 	93.01 	80.94 	80.81 	: 	: 	: 	: 
DW_NEW,INX_Q,LU	127.82 	118.39 	120.40 	119.59 	114.67 	115.94 	114.14 	111.54 	110.68 	109.14 	108.43 	105.17 	106.61 	102.22 	102.01 	101.58 	99.37 	97.04 	97.13 	94.72 	91.85 	86.01 	93.30 	91.00 	88.45 	87.54 	86.20 	83.92 	83.27 	81.25 	81.60 	81.98 	79.05 	77.67 	79.19 	80.18 	77.56 	78.62 	76.36 	74.96 	74.91 	75.60 	75.30 	73.26 	73.81 	72.08 	71.75 	70.48 	67.94 	66.87 	: 	: 	: 	: 	: 	: 	: 	: 
DW_NEW,INX_Q,LV	133.51 p	125.01 	123.25 	118.27 	124.96 	128.18 	117.80 	121.03 	115.41 	111.82 	107.06 	106.76 	112.96 	103.21 	105.72 	98.60 	98.44 	97.24 	92.24 	118.78 	112.55 	109.67 	108.59 	103.03 	93.55 	93.66 	95.32 	101.31 	90.14 	96.64 	93.16 	95.44 	76.24 	66.19 	67.69 	61.10 	60.26 	58.77 	62.28 	68.01 	61.38 	75.05 	94.74 	108.58 	116.57 	114.52 	114.32 	109.54 	96.45 	102.16 	87.94 	84.53 	78.45 	74.91 	: 	: 	: 	: 
DW_NEW,INX_Q,MT	122.99 p	118.75 p	123.41 p	117.90 p	117.05 	110.69 	116.20 	112.81 	107.55 	105.39 	110.27 	106.95 	102.02 	100.69 	105.18 	102.67 	95.66 	96.49 	97.54 	94.97 	92.14 	92.30 	91.48 	93.67 	92.14 	92.30 	96.69 	96.47 	92.14 	92.14 	91.20 	92.14 	92.30 	91.12 	90.54 	96.47 	92.14 	95.21 	91.59 	91.59 	91.58 	91.59 	93.63 	96.68 	93.63 	96.68 	: 	: 	: 	: 	: 	: 	: 	: 	: 	: 	: 	: 
DW_NEW,INX_Q,NL	141.31 p	134.17 	130.56 	129.61 	121.79 	122.55 	118.50 	111.41 	109.01 	109.87 	107.49 	104.88 	102.57 	103.54 	102.01 	102.96 	98.21 	96.82 	94.69 	91.40 	93.13 	94.02 	93.88 	94.01 	91.54 	93.62 	99.74 	93.02 	96.42 	96.51 	102.41 	104.32 	103.81 	108.72 	106.14 	104.03 	103.95 	105.31 	106.27 	102.73 	101.24 	105.98 	108.99 	116.86 	114.70 	114.25 	118.92 	115.54 	111.70 	111.98 	109.65 	107.30 	106.53 	104.76 	104.93 	104.76 	102.97 	102.07 
DW_NEW,INX_Q,NO	124.01 	120.27 	118.89 	115.11 	113.19 	113.58 	113.96 	110.54 	113.50 	112.86 	111.60 	108.08 	106.59 	102.02 	101.36 	100.58 	99.89 	98.16 	95.90 	95.67 	95.04 	91.49 	92.22 	92.88 	91.94 	92.25 	90.15 	87.87 	88.88 	85.56 	85.36 	82.41 	81.96 	80.39 	76.47 	76.53 	76.91 	74.18 	: 	: 	: 	: 	: 	: 	: 	: 	: 	: 	: 	: 	: 	: 	: 	: 	: 	: 	: 	: 
DW_NEW,INX_Q,PL	116.78 	114.98 	113.12 	109.78 	109.40 	107.79 	106.35 	104.86 	103.78 	102.26 	103.24 	101.31 	99.40 	100.38 	99.77 	100.81 	100.45 	98.96 	98.48 	97.67 	98.35 	95.34 	96.07 	96.12 	97.39 	98.23 	101.50 	101.35 	102.15 	102.77 	103.02 	101.90 	102.17 	102.42 	103.04 	101.22 	100.14 	100.73 	: 	: 	: 	: 	: 	: 	: 	: 	: 	: 	: 	: 	: 	: 	: 	: 	: 	: 	: 	: 
DW_NEW,INX_Q,PT	127.74 	122.76 	120.34 	117.19 	115.86 	115.80 	110.96 	110.92 	109.02 	105.58 	104.77 	103.76 	103.46 	101.34 	101.26 	100.04 	101.90 	96.80 	96.57 	99.42 	99.41 	97.92 	95.38 	93.85 	93.36 	95.13 	94.84 	94.77 	95.00 	98.12 	99.56 	101.84 	102.50 	104.50 	104.80 	105.28 	105.60 	105.06 	104.21 	104.26 	104.77 	104.55 	101.96 	102.57 	107.71 	107.56 	: 	: 	: 	: 	: 	: 	: 	: 	: 	: 	: 	: 
DW_NEW,INX_Q,RO	110.51 	110.12 	111.73 	110.62 	109.79 	107.51 	105.91 	105.49 	109.85 	101.47 	105.86 	103.76 	107.24 	104.70 	99.30 	100.80 	98.61 	101.30 	101.17 	99.88 	101.50 	104.01 	101.90 	101.14 	103.45 	104.35 	108.92 	106.28 	108.12 	108.45 	109.53 	107.98 	100.72 	106.19 	105.97 	105.69 	112.11 	115.61 	115.31 	117.82 	116.45 	121.70 	: 	: 	: 	: 	: 	: 	: 	: 	: 	: 	: 	: 	: 	: 	: 	: 
DW_NEW,INX_Q,SE	128.58 	129.18 	128.15 	125.07 	121.99 	119.63 	117.40 	114.02 	110.32 	109.37 	107.53 	106.92 	106.37 	103.96 	102.98 	100.11 	98.75 	98.15 	97.87 	98.52 	97.59 	97.20 	95.69 	94.08 	93.61 	96.50 	96.83 	96.46 	95.48 	95.23 	95.37 	94.33 	93.87 	91.92 	90.43 	90.03 	88.07 	86.95 	87.37 	85.04 	84.48 	85.27 	82.39 	80.18 	79.79 	79.62 	79.55 	78.52 	76.68 	74.43 	73.86 	72.60 	71.34 	71.59 	69.97 	69.82 	70.00 	69.56 
DW_NEW,INX_Q,SI	121.94 	125.84 	117.70 	118.82 	141.05 	127.09 	118.16 	108.05 	110.44 	100.97 	105.30 	98.98 	98.60 	98.46 	101.82 	96.10 	103.23 	98.84 	97.84 	95.37 	96.30 	103.30 	101.29 	97.81 	109.53 	108.25 	104.30 	110.60 	111.26 	112.42 	120.58 	118.12 	123.33 	122.67 	115.79 	114.51 	116.75 	113.51 	115.60 	115.60 	120.33 	121.10 	135.21 	135.48 	134.09 	133.96 	133.09 	121.96 	115.29 	114.37 	: 	: 	: 	: 	: 	: 	: 	: 
DW_NEW,INX_Q,SK	125.37 	122.33 	121.11 	117.81 	119.44 	120.65 	116.07 	116.84 	111.97 	107.10 	107.76 	106.95 	106.30 	103.09 	101.40 	100.09 	100.45 	98.06 	99.60 	96.32 	97.46 	95.05 	95.11 	95.91 	95.81 	95.81 	94.54 	96.79 	94.89 	97.96 	100.29 	100.60 	97.24 	101.43 	102.08 	102.15 	102.97 	104.43 	: 	: 	: 	: 	: 	: 	: 	: 	: 	: 	: 	: 	: 	: 	: 	: 	: 	: 	: 	: 
DW_NEW,INX_Q,UK	120.61 p	120.89 	119.62 	120.78 	118.74 	119.85 	116.24 	116.15 	114.06 	113.29 	111.80 	109.78 	109.95 	105.87 	103.18 	100.70 	98.33 	97.79 	97.18 	96.35 	95.36 	91.75 	90.81 	88.69 	87.46 	85.31 	86.99 	84.91 	85.76 	84.59 	85.64 	86.10 	86.25 	85.68 	85.42 	85.26 	84.54 	83.34 	83.63 	82.79 	81.27 	81.44 	84.06 	90.00 	95.28 	96.13 	96.21 	96.13 	94.39 	90.94 	90.12 	88.40 	87.27 	84.66 	84.55 	83.43 	82.06 	79.45 
DW_NEW,RCH_A,AT	5.3 	2.0 	1.5 	-0.6 	3.8 	8.8 	7.5 	7.6 	6.9 	1.8 	2.8 	4.0 	1.9 	6.7 	8.7 	5.5 	5.2 	-0.2 	3.6 	5.1 	3.0 	7.9 	4.5 	3.3 	5.9 	2.8 	3.9 	6.6 	7.8 	7.1 	7.0 	8.1 	2.7 	6.4 	: 	: 	: 	: 	: 	: 	: 	: 	: 	: 	: 	: 	: 	: 	: 	: 	: 	: 	: 	: 	: 	: 	: 	: 
DW_NEW,RCH_A,BE	1.5 p	3.6 	1.3 	3.9 	5.4 	2.2 	5.0 p	4.9 p	2.6 p	4.5 p	1.7 p	2.9 p	3.4 p	6.1 p	6.2 p	5.6 p	5.7 p	1.6 p	-1.7 	-1.2 	-3.7 	-1.8 	5.4 	3.8 	3.7 	2.1 	0.5 	1.5 	2.8 	2.6 	4.2 	4.5 	3.4 	3.6 	1.9 	-0.5 	0.1 	-1.6 	-3.3 	-0.5 	-1.5 	1.1 	3.4 	1.9 	2.4 	2.2 	3.2 	4.0 	4.7 	5.9 	5.6 	5.8 	5.1 	3.0 	: 	: 	: 	: 
DW_NEW,RCH_A,BG	7.5 p	11.9 	6.1 	7.2 	7.2 	2.3 	4.7 	5.5 	7.3 	9.4 	7.0 	8.0 	4.9 	5.8 	4.6 	3.8 	3.7 	1.9 	5.2 	3.7 	0.8 	1.8 	-1.2 	-4.8 	-2.2 	-2.7 	-1.2 	1.3 	1.4 	-2.5 	-3.0 	-1.1 	-1.8 	1.9 	0.2 	-9.5 	-11.4 	-19.9 e	-20.4 e	-16.5 e	-11.9 e	2.6 e	11.7 e	26.8 e	32.2 e	31.6 e	34.6 e	30.6 e	27.1 e	22.6 e	17.4 e	14.0 e	12.2 e	15.1 e	: 	: 	: 	: 
DW_NEW,RCH_A,CY	10.1 p	6.4 	2.1 	0.7 	2.7 	4.4 	2.1 	0.5 	3.9 	3.3 	5.4 	-0.5 	-1.6 	-0.8 	-2.4 	1.0 	-4.3 	0.2 	2.2 	-1.3 	-1.0 	-9.6 	-8.5 	-7.5 	0.0 	0.3 	1.9 	1.1 	-6.9 	-5.3 	-4.6 	-2.3 	-0.5 	-3.2 	: c	: c	: c	: c	: c	: c	: c	: c	: c	: c	: c	: c	: c	: c	: c	: c	: c	: c	: c	: c	: 	: 	: 	: 
DW_NEW,RCH_A,CZ	8.5 	11.6 	13.5 p	12.8 	11.4 	9.6 	10.4 p	15.7 	15.4 	14.3 	10.0 p	5.5 	3.9 	4.1 	5.4 p	5.7 	5.8 	2.5 	1.9 	1.6 	1.1 	2.6 	0.2 	1.2 	0.0 	-1.1 	0.0 	-3.0 	-3.5 	-2.3 	-2.4 	-1.4 	-1.0 	-1.2 	-1.9 	-3.7 	-2.8 	-3.6 	-0.6 	3.4 	3.6 	7.0 	: 	: 	: 	: 	: 	: 	: 	: 	: 	: 	: 	: 	: 	: 	: 	: 
DW_NEW,RCH_A,DE	2.6 p	2.8 p	4.9 	7.2 	6.9 	6.6 	4.5 	5.0 	4.0 	4.9 	6.6 	6.8 	7.2 	6.9 	6.4 	4.8 	5.1 	5.6 	5.8 	5.0 	2.5 	1.5 	-0.7 	1.0 	2.6 	2.0 	4.0 	1.2 	1.8 	4.3 	4.6 	5.5 	6.7 	3.4 	1.0 	2.3 	3.4 	3.1 	8.0 	6.3 	3.0 	4.4 	1.2 	1.6 	1.7 	6.7 	2.5 	4.1 	5.0 	-3.2 	0.5 	-1.7 	-1.2 	-1.7 	: 	: 	: 	: 
DW_NEW,RCH_A,DK	0.7 p	1.4 	2.2 	2.1 	2.2 	0.8 	0.4 	0.6 	0.5 	1.1 	1.2 	1.4 	1.4 	-6.0 	-4.6 	17.2 	14.5 	23.1 	28.6 	5.9 	-1.7 	15.3 	46.2 	53.5 	84.5 	51.9 	18.0 	6.2 	5.2 	15.1 	15.1 	19.6 	10.8 	4.9 	-0.4 	-1.2 	-3.8 	0.2 	-3.7 	-7.2 	-4.3 	-14.6 	-14.8 	-8.8 	-7.0 	5.8 	13.2 	9.7 	13.7 	19.4 	23.1 	32.1 	36.0 	37.5 	: 	: 	: 	: 
DW_NEW,RCH_A,EE	4.8 	4.1 	5.1 	2.9 	14.8 	12.9 	3.4 	2.5 	4.3 	11.3 	12.9 	12.4 	1.6 	-5.3 	4.4 	4.6 	20.8 	16.4 	16.5 	23.2 	18.6 	22.7 	20.7 	9.0 	-1.5 	8.5 	0.3 	7.1 	20.5 	19.7 	21.4 	9.8 	4.9 	1.5 	23.0 	19.9 	2.1 	-2.4 	-36.6 	-39.6 	-27.2 	-34.0 	-17.9 	-2.3 	-14.1 	3.8 	13.9 	35.3 	55.3 	43.5 	43.8 	32.3 	20.4 	37.7 	: 	: 	: 	: 
DW_NEW,RCH_A,ES	7.3 	10.6 	8.2 	6.0 	5.4 	5.6 	7.5 	6.6 	4.7 	5.7 	4.2 	7.3 	8.3 	5.9 	5.8 	4.3 	4.9 	4.0 	1.9 	0.8 	1.9 	-1.1 	-2.9 	-2.8 	-7.7 	-7.9 	-10.9 	-15.4 	-15.9 	-15.0 	-11.8 	-6.5 	-4.3 	-1.0 	-1.2 	-1.7 	-1.7 	-4.2 	-5.1 	-5.6 	-3.9 	-2.0 	0.8 	3.7 	5.3 	7.2 	9.8 	11.4 	13.3 	13.3 	13.6 	: 	: 	: 	: 	: 	: 	: 
DW_NEW,RCH_A,FI	2.3 	2.9 	4.4 	3.3 	2.1 	-0.1 	1.9 	3.0 	2.8 	3.2 	0.9 	0.4 	1.3 	0.4 	1.3 	1.2 	0.5 	1.4 	1.4 	0.4 	1.4 	1.0 	0.8 	2.2 	1.9 	3.6 	4.2 	4.5 	5.2 	5.7 	4.9 	4.3 	5.3 	2.3 	2.5 	2.5 	0.9 	0.6 	: c	: c	: c	: c	: c	: c	: c	: c	: c	: c	: c	: c	: c	: c	: c	: c	: 	: 	: 	: 
DW_NEW,RCH_A,FR	3.6 p	2.2 	2.8 	2.2 	2.5 	2.6 p	3.7 	3.2 	4.3 	4.6 p	2.8 	2.1 	1.1 	0.8 	1.7 	1.6 	2.4 	1.1 	0.0 	-0.4 	0.0 	1.0 	0.7 	1.0 	-1.5 	-1.7 	-2.0 	-1.4 	0.2 	1.0 	4.0 	4.9 	4.9 	5.6 	3.5 	3.0 	2.4 	1.8 	2.4 	-0.1 	-1.3 	-0.2 	-0.7 	0.7 	3.3 	2.7 	4.1 	5.7 	5.2 	: 	7.1 	8.3 	9.8 	: 	: 	: 	: 	: 
DW_NEW,RCH_A,HR	8.2 	10.1 	2.8 	3.1 	1.9 	6.6 	4.1 	1.1 	0.9 	-6.3 	-4.7 	-4.3 	-2.9 	-1.8 	-6.9 	-6.4 	-7.1 	-4.2 	-0.5 	-1.3 	-1.7 	-4.9 	-1.1 	-3.2 	-5.3 	-4.1 	-6.4 	-0.9 	1.0 	5.6 	4.9 	3.9 	2.5 	-4.1 	-4.3 	-9.3 	-9.8 	-7.8 	-4.7 	-4.1 	-1.1 	1.6 	: 	: 	: 	: 	: 	: 	: 	: 	: 	: 	: 	: 	: 	: 	: 	: 
DW_NEW,RCH_A,HU	9.1 p	9.6 	9.3 	13.8 	13.8 	18.5 	23.2 	20.2 	16.7 	14.6 	11.0 	6.6 	12.2 	10.8 	10.6 	11.5 	5.0 	7.2 	2.7 	5.1 	6.0 	3.2 	3.0 	0.2 	1.9 	-0.7 	-0.6 	2.2 	-1.0 	-1.0 	-1.6 	-4.4 	-4.8 	-2.2 	-3.8 	-3.2 	-5.3 	-8.3 	-6.8 	-6.0 	-1.7 	2.0 	2.6 	2.5 	1.8 	1.9 	: 	: 	: 	: 	: 	: 	: 	: 	: 	: 	: 	: 
DW_NEW,RCH_A,IE	2.0 p	5.0 	8.0 	9.0 	11.1 	8.5 	6.0 	5.9 	1.0 	-0.4 	0.8 	2.5 	9.1 	13.3 	14.6 	16.5 	15.5 	12.6 	9.1 	2.9 	0.8 	0.9 	1.4 	4.1 	0.2 	-5.1 	-10.4 	-17.7 	-19.1 	-18.1 	-15.8 	-13.4 	-13.4 	-14.6 	: 	: 	: 	: 	: 	: 	: 	: 	: 	: 	: 	: 	: 	: 	: 	: 	: 	: 	: 	: 	: 	: 	: 	: 
DW_NEW,RCH_A,IT	0.1 p	1.5 	0.6 	1.6 	1.2 	1.0 	0.2 	-1.2 	-0.5 	-1.4 	1.0 	-0.8 	1.7 	1.0 	-1.0 	-0.2 	-3.4 	-3.3 	-2.3 	-2.9 	-2.8 	-2.6 	-2.6 	-1.2 	-1.4 	-0.5 	1.3 	1.6 	2.7 	3.5 	2.4 	3.4 	4.1 	2.8 	: 	: 	: 	: 	: 	: 	: 	: 	: 	: 	: 	: 	: 	: 	: 	: 	: 	: 	: 	: 	: 	: 	: 	: 
DW_NEW,RCH_A,LT	6.0 	9.0 	8.2 	7.5 	7.5 	7.9 	7.2 	8.2 	13.2 	11.4 	9.9 	2.7 	-1.4 	-2.3 	0.1 	6.5 	4.5 	10.0 	8.5 	8.8 	5.6 	-2.3 	-4.6 	-7.9 	5.5 	1.0 	9.7 	13.8 	-1.2 	11.2 	9.7 	10.8 	13.7 	6.5 	3.0 	-8.4 	-15.4 	-17.5 	-34.9 	-30.0 	-25.6 	-19.3 	8.2 	14.5 	24.9 	18.0 	1.6 	11.6 	20.7 	22.3 	: 	: 	: 	: 	: 	: 	: 	: 
DW_NEW,RCH_A,LU	11.5 	2.1 	5.5 	7.2 	3.6 	6.2 	5.3 	6.1 	3.8 	6.8 	6.3 	3.5 	7.3 	5.3 	5.0 	7.2 	8.2 	12.8 	4.1 	4.1 	3.8 	-1.7 	8.2 	8.4 	6.2 	7.7 	5.6 	2.4 	5.3 	4.6 	3.0 	2.2 	1.9 	-1.2 	3.7 	7.0 	3.5 	4.0 	1.4 	2.3 	1.5 	4.9 	4.9 	3.9 	8.6 	7.8 	: 	: 	: 	: 	: 	: 	: 	: 	: 	: 	: 	: 
DW_NEW,RCH_A,LV	6.8 p	-2.5 	4.6 	-2.3 	8.3 	14.6 	10.0 	13.4 	2.2 	8.3 	1.3 	8.3 	14.8 	6.1 	14.6 	-17.0 	-12.5 	-11.3 	-15.1 	15.3 	20.3 	17.1 	13.9 	1.7 	3.8 	-3.1 	2.3 	6.2 	18.2 	46.0 	37.6 	56.2 	26.5 	12.6 	8.7 	-10.2 	-1.8 	-21.7 	-34.3 	-37.4 	-47.3 	-34.5 	-17.1 	-0.9 	20.9 	12.1 	30.0 	29.6 	22.9 	36.4 	: 	: 	: 	: 	: 	: 	: 	: 
DW_NEW,RCH_A,MT	5.1 p	7.3 p	6.2 p	4.5 p	8.8 	5.0 	5.4 	5.5 	5.4 	4.7 	4.8 	4.2 	6.6 	4.4 	7.8 	8.1 	3.8 	4.5 	6.6 	1.4 	0.0 	0.0 	-5.4 	-2.9 	0.0 	0.2 	6.0 	4.7 	-0.2 	1.1 	0.7 	-4.5 	0.2 	-4.3 	-1.1 	5.3 	0.6 	4.0 	-2.2 	-5.3 	-2.2 	-5.3 	: 	: 	: 	: 	: 	: 	: 	: 	: 	: 	: 	: 	: 	: 	: 	: 
DW_NEW,RCH_A,NL	16.0 p	9.5 	10.2 	16.3 	11.7 	11.5 	10.2 	6.2 	6.3 	6.1 	5.4 	1.9 	4.4 	6.9 	7.7 	12.6 	5.5 	3.0 	0.9 	-2.8 	1.7 	0.4 	-5.9 	1.1 	-5.1 	-3.0 	-2.6 	-10.8 	-7.1 	-11.2 	-3.5 	0.3 	-0.1 	3.2 	-0.1 	1.3 	2.7 	-0.6 	-2.5 	-12.1 	-11.7 	-7.2 	-8.4 	1.1 	2.7 	2.0 	8.5 	7.7 	4.9 	6.9 	4.5 	2.4 	3.5 	2.6 	: 	: 	: 	: 
DW_NEW,RCH_A,NO	9.6 	5.9 	4.3 	4.1 	-0.3 	0.6 	2.1 	2.3 	6.5 	10.6 	10.1 	7.5 	6.7 	3.9 	5.7 	5.1 	5.1 	7.3 	4.0 	3.0 	3.4 	-0.8 	2.3 	5.7 	3.4 	7.8 	5.6 	6.6 	8.4 	6.4 	11.6 	7.7 	6.6 	8.4 	: 	: 	: 	: 	: 	: 	: 	: 	: 	: 	: 	: 	: 	: 	: 	: 	: 	: 	: 	: 	: 	: 	: 	: 
DW_NEW,RCH_A,PL	6.7 	6.7 	6.4 	4.7 	5.4 	5.4 	3.0 	3.5 	4.4 	1.9 	3.5 	0.5 	-1.0 	1.4 	1.3 	3.2 	2.1 	3.8 	2.5 	1.6 	1.0 	-2.9 	-5.3 	-5.2 	-4.7 	-4.4 	-1.5 	-0.5 	0.0 	0.3 	0.0 	0.7 	2.0 	1.7 	: 	: 	: 	: 	: 	: 	: 	: 	: 	: 	: 	: 	: 	: 	: 	: 	: 	: 	: 	: 	: 	: 	: 	: 
DW_NEW,RCH_A,PT	10.3 	6.0 	8.5 	5.7 	6.3 	9.7 	5.9 	6.9 	5.4 	4.2 	3.5 	3.7 	1.5 	4.7 	4.9 	0.6 	2.5 	-1.1 	1.2 	5.9 	6.5 	2.9 	0.6 	-1.0 	-1.7 	-3.0 	-4.7 	-6.9 	-7.3 	-6.1 	-5.0 	-3.3 	-2.9 	-0.5 	0.6 	1.0 	0.8 	0.5 	2.2 	1.6 	-2.7 	-2.8 	: 	: 	: 	: 	: 	: 	: 	: 	: 	: 	: 	: 	: 	: 	: 	: 
DW_NEW,RCH_A,RO	0.7 	2.4 	5.5 	4.9 	-0.1 	6.0 	0.0 	1.7 	2.4 	-3.1 	6.6 	2.9 	8.8 	3.4 	-1.8 	0.9 	-2.8 	-2.6 	-0.7 	-1.2 	-1.9 	-0.3 	-6.4 	-4.8 	-4.3 	-3.8 	-0.6 	-1.6 	7.3 	2.1 	3.4 	2.2 	-10.2 	-8.1 	-8.1 	-10.3 	-3.7 	-5.0 	: 	: 	: 	: 	: 	: 	: 	: 	: 	: 	: 	: 	: 	: 	: 	: 	: 	: 	: 	: 
DW_NEW,RCH_A,SE	5.4 	8.0 	9.2 	9.7 	10.6 	9.4 	9.2 	6.6 	3.7 	5.2 	4.4 	6.8 	7.7 	5.9 	5.2 	1.6 	1.2 	1.0 	2.3 	4.7 	4.3 	0.7 	-1.2 	-2.5 	-2.0 	1.3 	1.5 	2.3 	1.7 	3.6 	5.5 	4.8 	6.6 	5.7 	3.5 	5.9 	4.2 	2.0 	6.0 	6.1 	5.9 	7.1 	3.6 	2.1 	4.1 	7.0 	7.7 	8.2 	7.5 	4.0 	5.6 	4.0 	1.9 	2.9 	: 	: 	: 	: 
DW_NEW,RCH_A,SI	-13.5 	-1.0 	-0.4 	10.0 	27.7 	25.9 	12.2 	9.2 	12.0 	2.5 	3.4 	3.0 	-4.5 	-0.4 	4.1 	0.8 	7.2 	-4.3 	-3.4 	-2.5 	-12.1 	-4.6 	-2.9 	-11.6 	-1.6 	-3.7 	-13.5 	-6.4 	-9.8 	-8.4 	4.1 	3.2 	5.6 	8.1 	0.2 	-0.9 	-3.0 	-6.3 	-14.5 	-14.7 	-10.3 	-9.6 	1.6 	11.1 	16.3 	17.1 	: 	: 	: 	: 	: 	: 	: 	: 	: 	: 	: 	: 
DW_NEW,RCH_A,SK	5.0 	1.4 	4.3 	0.8 	6.7 	12.7 	7.7 	9.2 	5.3 	3.9 	6.3 	6.9 	5.8 	5.1 	1.8 	3.9 	3.1 	3.2 	4.7 	0.4 	1.7 	-0.8 	0.6 	-0.9 	1.0 	-2.2 	-5.7 	-3.8 	-2.4 	-3.4 	-1.8 	-1.5 	-5.6 	-2.9 	: 	: 	: 	: 	: 	: 	: 	: 	: 	: 	: 	: 	: 	: 	: 	: 	: 	: 	: 	: 	: 	: 	: 	: 
DW_NEW,RCH_A,UK	1.6 p	0.9 	2.9 	4.0 	4.1 	5.8 	4.0 	5.8 	3.7 	7.0 	8.4 	9.0 	11.8 	8.3 	6.2 	4.5 	3.1 	6.6 	7.0 	8.6 	9.0 	7.5 	4.4 	4.5 	2.0 	0.9 	1.6 	-1.4 	-0.6 	-1.3 	0.3 	1.0 	2.0 	2.8 	2.1 	3.0 	4.0 	2.3 	-0.5 	-8.0 	-14.7 	-15.3 	-12.6 	-6.4 	0.9 	5.7 	6.8 	8.7 	8.2 	7.4 	6.6 	6.0 	6.3 	6.6 	: 	: 	: 	: 
DW_NEW,RCH_Q,AT	4.1 	-0.2 	2.3 	-0.8 	0.7 	-0.7 	0.1 	3.6 	5.6 	-1.9 	0.2 	2.9 	0.6 	-0.9 	1.4 	0.8 	5.4 	0.9 	-1.6 	0.5 	0.0 	4.8 	-0.3 	-1.5 	4.8 	1.5 	-1.4 	1.0 	1.7 	2.5 	1.2 	2.1 	1.0 	2.4 	2.3 	-3.0 	4.7 	: 	: 	: 	: 	: 	: 	: 	: 	: 	: 	: 	: 	: 	: 	: 	: 	: 	: 	: 	: 	: 
DW_NEW,RCH_Q,BE	0.7 p	0.6 	-2.5 	2.9 	2.7 	-1.7 	0.0 	4.3 	-0.4 	1.0 p	-0.1 p	2.1 p	1.5 p	-1.7 p	1.2 p	2.5 p	4.2 p	-1.7 p	0.6 	2.6 	0.1 	-4.9 	1.1 	-0.1 	2.1 	2.1 	-0.4 	-0.1 	0.4 	0.6 	0.6 	1.2 	0.3 	2.1 	0.8 	0.2 	0.4 	0.5 	-1.5 	0.8 	-1.2 	-1.3 	1.3 	-0.2 	1.3 	1.0 	-0.2 	0.3 	1.0 	2.1 	0.6 	1.0 	2.2 	1.7 	0.8 	0.2 	0.2 	: 
DW_NEW,RCH_Q,BG	-0.2 p	5.7 	-0.1 	2.0 	3.9 	0.2 	0.9 	2.0 	-0.8 	2.5 	1.7 	3.8 	1.1 	0.3 	2.6 	0.8 	2.0 	-0.9 	1.8 	0.7 	0.3 	2.3 	0.4 	-2.2 	1.3 	-0.7 	-3.2 	0.4 	0.8 	0.9 	-0.8 	0.5 	-3.0 	0.3 	1.2 	-0.3 	0.6 	-1.3 	-8.6 	-2.4 	-9.0 e	-1.9 e	-4.1 e	3.0 e	5.9 e	6.8 e	8.8 e	7.5 e	5.4 e	9.3 e	5.5 e	4.6 e	1.6 e	4.7 e	2.4 e	2.9 e	4.3 e	: 
DW_NEW,RCH_Q,CY	5.6 p	1.0 	5.0 	-1.7 	2.1 	-3.0 	3.6 	0.2 	3.8 	-5.2 	2.0 	3.5 	3.2 	-3.3 	-3.7 	2.4 	4.1 	-4.9 	-0.4 	-3.0 	9.0 	-3.0 	-3.8 	-2.7 	-0.5 	-1.8 	-2.8 	5.2 	-0.2 	-0.2 	-3.5 	-3.2 	1.5 	0.6 	-1.2 	-1.4 	-1.3 	: c	: c	: c	: c	: c	: c	: c	: c	: c	: c	: c	: c	: c	: c	: c	: c	: c	: c	: c	: c	: 
DW_NEW,RCH_Q,CZ	2.3 	1.8 p	0.7 p	3.5 	5.2 	3.5 p	0.1 p	2.2 	3.4 	4.3 p	4.9 p	1.9 	2.5 	0.4 p	0.6 p	0.4 	2.7 	1.7 	0.8 	0.5 	-0.5 	1.1 	0.5 	0.0 	1.0 	-1.3 	1.5 	-1.2 	-0.1 	-0.2 	-1.6 	-1.6 	1.1 	-0.3 	-0.6 	-1.2 	0.9 	-1.0 	-2.4 	-0.3 	0.1 	2.0 	1.5 	-0.1 	3.4 	: 	: 	: 	: 	: 	: 	: 	: 	: 	: 	: 	: 	: 
DW_NEW,RCH_Q,DE	1.2 p	-0.2 p	-0.8 	2.5 	1.4 	1.8 	1.3 	2.2 	1.1 	-0.2 	1.9 	1.2 	1.9 	1.5 	2.0 	1.6 	1.6 	1.0 	0.4 	1.9 	2.2 	1.2 	-0.3 	-0.5 	1.2 	-1.0 	1.3 	1.0 	0.7 	0.9 	-1.3 	1.6 	3.2 	1.2 	-0.5 	2.7 	0.0 	-1.2 	0.8 	3.8 	-0.2 	3.5 	-0.8 	0.5 	1.2 	0.3 	-0.4 	0.7 	6.1 	-3.6 	1.1 	1.5 	-2.2 	0.1 	-1.2 	2.0 	-2.6 	: 
DW_NEW,RCH_Q,DK	0.5 p	-0.2 	0.4 	0.0 	1.2 	0.6 	0.3 	0.1 	-0.2 	0.2 	0.5 	0.0 	0.4 	0.3 	0.7 	0.0 	-6.9 	1.8 	23.7 	-2.3 	0.0 	6.4 	1.9 	-9.3 	17.4 	34.8 	7.0 	8.9 	-3.4 	4.7 	-3.6 	7.9 	5.7 	4.7 	0.2 	0.0 	0.0 	-0.6 	-0.6 	-2.7 	4.3 	-4.5 	-4.2 	0.4 	-6.9 	-4.8 	2.5 	2.4 	5.8 	1.9 	-0.6 	6.1 	11.1 	5.1 	6.7 	9.2 	12.3 	: 
DW_NEW,RCH_Q,EE	-0.1 	4.8 	2.8 	-2.7 	-0.7 	5.8 	0.7 	8.5 	-2.4 	-3.1 	-0.2 	10.4 	4.2 	-1.6 	-0.7 	-0.2 	-2.9 	8.4 	-0.5 	15.4 	-6.4 	8.5 	5.2 	11.0 	-3.1 	6.7 	-5.0 	0.3 	6.7 	-1.3 	1.4 	12.8 	6.0 	0.1 	-8.2 	7.7 	2.6 	21.2 	-10.5 	-8.3 	-1.9 	-21.2 	-14.8 	10.6 	-11.1 	-1.9 	1.3 	-2.8 	7.5 	7.6 	20.4 	11.6 	-0.8 	7.9 	10.8 	1.6 	13.5 	: 
DW_NEW,RCH_Q,ES	-0.4 	4.3 	1.3 	2.0 	2.6 	2.0 	-0.8 	1.5 	2.8 	3.8 	-1.6 	-0.4 	3.8 	2.4 	1.3 	0.6 	1.5 	2.2 	-0.1 	1.2 	0.6 	0.1 	-1.2 	2.3 	-2.4 	-1.6 	-1.1 	-2.9 	-2.6 	-4.8 	-6.0 	-3.5 	-1.5 	-1.3 	-0.4 	-1.2 	1.9 	-1.5 	-0.8 	-1.3 	-0.7 	-2.4 	-1.3 	0.5 	1.3 	0.4 	1.5 	2.1 	3.0 	2.9 	3.0 	3.9 	3.0 	3.1 	: 	: 	: 	: 
DW_NEW,RCH_Q,FI	1.6 	-1.2 	1.2 	0.7 	2.2 	0.3 	0.0 	-0.4 	0.0 	2.3 	1.1 	-0.6 	0.4 	0.0 	0.6 	0.3 	-0.6 	1.0 	0.4 	-0.3 	0.3 	1.1 	-0.6 	0.7 	-0.1 	0.9 	0.7 	0.4 	1.5 	1.5 	1.0 	1.1 	2.0 	0.8 	0.4 	2.0 	-0.8 	1.0 	0.3 	0.5 	-1.1 	: c	: c	: c	: c	: c	: c	: c	: c	: c	: c	: c	: c	: c	: c	: c	: c	: 
DW_NEW,RCH_Q,FR	2.0 p	-0.1 	1.8 	-0.1 	0.7 	0.4 	1.2 	0.2 	0.8 p	1.5 p	0.6 	1.3 	1.1 	-0.2 	0.0 	0.3 	0.8 	0.6 	-0.2 	1.2 	-0.5 	-0.5 	-0.6 	1.6 	0.5 	-0.7 	-0.2 	-1.0 	0.3 	-1.0 	0.4 	0.5 	1.0 	2.0 	1.3 	0.5 	1.7 	-0.1 	0.9 	-0.1 	1.1 	0.4 	-1.5 	-1.3 	2.3 	-0.2 	-0.1 	1.2 	1.7 	1.2 	1.4 	0.8 	: 	: 	2.5 	2.2 	3.3 	: 
DW_NEW,RCH_Q,HR	-2.2 	7.4 	0.7 	2.3 	-0.5 	0.3 	1.0 	1.1 	4.1 	-2.1 	-1.9 	0.9 	-3.3 	-0.4 	-1.5 	2.3 	-2.2 	-5.6 	-0.9 	1.6 	0.9 	-2.0 	-1.7 	1.1 	-2.4 	2.0 	-3.7 	-1.2 	-1.1 	-0.5 	1.8 	0.8 	3.4 	-1.1 	0.9 	-0.5 	-3.3 	-1.4 	-4.4 	-1.1 	-1.2 	1.9 	-3.8 	2.1 	1.5 	: 	: 	: 	: 	: 	: 	: 	: 	: 	: 	: 	: 	: 
DW_NEW,RCH_Q,HU	0.6 p	5.1 	0.3 	2.9 	1.0 	4.8 	4.4 	2.9 	5.3 	9.0 	1.9 	-0.1 	3.4 	5.5 	-2.2 	5.2 	2.1 	5.4 	-1.4 	-0.9 	4.2 	0.9 	0.8 	-0.1 	1.5 	0.7 	-1.9 	1.6 	-1.1 	0.8 	0.9 	-1.5 	-1.2 	0.2 	-2.0 	-2.0 	1.6 	-1.5 	-1.3 	-4.1 	-1.6 	0.1 	-0.5 	0.3 	2.1 	0.7 	-0.5 	-0.4 	2.2 	: 	: 	: 	: 	: 	: 	: 	: 	: 
DW_NEW,RCH_Q,IE	0.9 p	0.0 	0.0 	1.0 	3.9 	2.9 	1.0 	2.8 	1.5 	0.5 	1.0 	-2.0 	0.1 	1.7 	2.6 	4.4 	4.0 	2.9 	4.3 	3.5 	1.4 	-0.4 	-1.6 	1.4 	1.5 	0.1 	1.0 	-2.4 	-3.8 	-5.6 	-7.2 	-4.1 	-2.6 	-2.8 	-4.5 	-4.2 	-3.9 	: 	: 	: 	: 	: 	: 	: 	: 	: 	: 	: 	: 	: 	: 	: 	: 	: 	: 	: 	: 	: 
DW_NEW,RCH_Q,IT	-0.1 p	-0.7 	0.9 	0.0 	1.3 	-1.6 	1.9 	-0.4 	1.1 	-2.4 	0.5 	0.3 	0.2 	0.0 	-1.3 	2.8 	-0.5 	-2.0 	-0.5 	-0.5 	-0.4 	-1.0 	-1.0 	-0.5 	-0.1 	-1.0 	0.4 	-0.7 	0.8 	0.8 	0.7 	0.4 	1.7 	-0.3 	1.6 	1.1 	0.4 	: 	: 	: 	: 	: 	: 	: 	: 	: 	: 	: 	: 	: 	: 	: 	: 	: 	: 	: 	: 	: 
DW_NEW,RCH_Q,LT	-0.2 	3.1 	1.2 	1.7 	2.7 	2.3 	0.5 	1.7 	3.2 	1.6 	1.5 	6.4 	1.5 	0.3 	-5.2 	2.1 	0.6 	2.7 	0.9 	0.2 	5.9 	1.3 	1.2 	-2.8 	-2.0 	-1.1 	-2.3 	11.3 	-6.2 	7.5 	1.4 	-3.4 	5.7 	5.9 	2.4 	-0.8 	-1.0 	2.4 	-8.9 	-8.4 	-3.5 	-19.2 	-2.1 	-2.6 	4.6 	8.4 	3.6 	6.2 	-1.1 	-6.6 	13.8 	14.9 	0.2 	: 	: 	: 	: 	: 
DW_NEW,RCH_Q,LU	8.0 	-1.7 	0.7 	4.3 	-1.1 	1.6 	2.3 	0.8 	1.4 	0.7 	3.1 	-1.4 	4.3 	0.2 	0.4 	2.2 	2.4 	-0.1 	2.5 	3.1 	6.8 	-7.8 	2.5 	2.9 	1.0 	1.6 	2.7 	0.8 	2.5 	-0.4 	-0.5 	3.7 	1.8 	-1.9 	-1.2 	3.4 	-1.3 	3.0 	1.9 	0.1 	-0.9 	0.4 	2.8 	-0.7 	2.4 	0.5 	1.8 	3.7 	1.6 	: 	: 	: 	: 	: 	: 	: 	: 	: 
DW_NEW,RCH_Q,LV	6.8 p	1.4 	4.2 	-5.4 	-2.5 	8.8 	-2.7 	4.9 	3.2 	4.4 	0.3 	-5.5 	9.4 	-2.4 	7.2 	0.2 	1.2 	5.4 	-22.3 	5.5 	2.6 	1.0 	5.4 	10.1 	-0.1 	-1.7 	-5.9 	12.4 	-6.7 	3.7 	-2.4 	25.2 	15.2 	-2.2 	10.8 	1.4 	2.5 	-5.6 	-8.4 	10.8 	-18.2 	-20.8 	-12.7 	-6.9 	1.8 	0.2 	4.4 	13.6 	-5.6 	16.2 	4.0 	7.8 	4.7 	: 	: 	: 	: 	: 
DW_NEW,RCH_Q,MT	3.6 p	-3.8 p	4.7 p	0.7 p	5.7 	-4.7 	3.0 	4.9 	2.0 	-4.4 	3.1 	4.8 	1.3 	-4.3 	2.4 	7.3 	-0.9 	-1.1 	2.7 	3.1 	-0.2 	0.9 	-2.3 	1.7 	-0.2 	-4.5 	0.2 	4.7 	0.0 	1.0 	-1.0 	-0.2 	1.3 	0.6 	-6.1 	4.7 	-3.2 	4.0 	0.0 	0.0 	0.0 	-2.2 	-3.2 	3.3 	-3.2 	: 	: 	: 	: 	: 	: 	: 	: 	: 	: 	: 	: 	: 
DW_NEW,RCH_Q,NL	5.3 p	2.8 	0.7 	6.4 	-0.6 	3.4 	6.4 	2.2 	-0.8 	2.2 	2.5 	2.3 	-0.9 	1.5 	-0.9 	4.8 	1.4 	2.2 	3.6 	-1.9 	-0.9 	0.1 	-0.1 	2.7 	-2.2 	-6.1 	7.2 	-3.5 	-0.1 	-5.8 	-1.8 	0.5 	-4.5 	2.4 	2.0 	0.1 	-1.3 	-0.9 	3.4 	1.5 	-4.5 	-2.8 	-6.7 	1.9 	0.4 	-3.9 	2.9 	3.4 	-0.3 	2.1 	2.2 	0.7 	1.7 	-0.2 	0.2 	1.7 	0.9 	: 
DW_NEW,RCH_Q,NO	3.1 	1.2 	3.3 	1.7 	-0.3 	-0.3 	3.1 	-2.6 	0.6 	1.1 	3.3 	1.4 	4.5 	0.7 	0.8 	0.7 	1.8 	2.4 	0.2 	0.7 	3.9 	-0.8 	-0.7 	1.0 	-0.3 	2.3 	2.6 	-1.1 	3.9 	0.2 	3.6 	0.5 	2.0 	5.1 	-0.1 	-0.5 	3.7 	: 	: 	: 	: 	: 	: 	: 	: 	: 	: 	: 	: 	: 	: 	: 	: 	: 	: 	: 	: 	: 
DW_NEW,RCH_Q,PL	1.6 	1.6 	3.0 	0.3 	1.5 	1.4 	1.4 	1.0 	1.5 	-0.9 	1.9 	1.9 	-1.0 	0.6 	-1.0 	0.4 	1.5 	0.5 	0.8 	-0.7 	3.2 	-0.8 	-0.1 	-1.3 	-0.9 	-3.2 	0.1 	-0.8 	-0.6 	-0.2 	1.1 	-0.3 	-0.2 	-0.6 	1.8 	1.1 	-0.6 	: 	: 	: 	: 	: 	: 	: 	: 	: 	: 	: 	: 	: 	: 	: 	: 	: 	: 	: 	: 	: 
DW_NEW,RCH_Q,PT	4.1 	2.0 	2.7 	1.1 	0.1 	4.4 	0.0 	1.7 	3.3 	0.8 	1.0 	0.3 	2.1 	0.1 	1.2 	-1.8 	5.3 	0.2 	-2.9 	0.0 	1.5 	2.7 	1.6 	0.5 	-1.9 	0.3 	0.1 	-0.2 	-3.2 	-1.4 	-2.2 	-0.6 	-1.9 	-0.3 	-0.5 	-0.3 	0.5 	0.8 	0.0 	-0.5 	0.2 	2.5 	-0.6 	-4.8 	0.1 	: 	: 	: 	: 	: 	: 	: 	: 	: 	: 	: 	: 	: 
DW_NEW,RCH_Q,RO	0.4 	-1.4 	1.0 	0.8 	2.1 	1.5 	0.4 	-4.0 	8.3 	-4.1 	2.0 	-3.2 	2.4 	5.4 	-1.5 	2.2 	-2.7 	0.1 	1.3 	-1.6 	-2.4 	2.1 	0.8 	-2.2 	-0.9 	-4.2 	2.5 	-1.7 	-0.3 	-1.0 	1.4 	7.2 	-5.2 	0.2 	0.3 	-5.7 	-3.0 	0.3 	-2.1 	1.2 	-4.3 	: 	: 	: 	: 	: 	: 	: 	: 	: 	: 	: 	: 	: 	: 	: 	: 	: 
DW_NEW,RCH_Q,SE	-0.5 	0.8 	2.5 	2.5 	2.0 	1.9 	3.0 	3.4 	0.9 	1.7 	0.6 	0.5 	2.3 	1.0 	2.9 	1.4 	0.6 	0.3 	-0.7 	1.0 	0.4 	1.6 	1.7 	0.5 	-3.0 	-0.3 	0.4 	1.0 	0.3 	-0.1 	1.1 	0.5 	2.1 	1.6 	0.4 	2.2 	1.3 	-0.5 	2.7 	0.7 	-0.9 	3.5 	2.8 	0.5 	0.2 	0.1 	1.3 	2.4 	3.0 	0.8 	1.7 	1.8 	-0.3 	2.3 	0.2 	-0.3 	0.6 	: 
DW_NEW,RCH_Q,SI	-3.1 	6.9 	-0.9 	-15.8 	11.0 	7.6 	9.4 	-2.2 	9.4 	-4.1 	6.4 	0.4 	0.1 	-3.3 	6.0 	-6.9 	4.4 	1.0 	2.6 	-1.0 	-6.8 	2.0 	3.6 	-10.7 	1.2 	3.8 	-5.7 	-0.6 	-1.0 	-6.8 	2.1 	-4.2 	0.5 	5.9 	1.1 	-1.9 	2.9 	-1.8 	0.0 	-3.9 	-0.6 	-10.4 	-0.2 	1.0 	0.1 	0.7 	9.1 	5.8 	0.8 	: 	: 	: 	: 	: 	: 	: 	: 	: 
DW_NEW,RCH_Q,SK	2.5 	1.0 	2.8 	-1.4 	-1.0 	3.9 	-0.7 	4.3 	4.5 	-0.6 	0.8 	0.6 	3.1 	1.7 	1.3 	-0.4 	2.4 	-1.5 	3.4 	-1.2 	2.5 	-0.1 	-0.8 	0.1 	0.0 	1.3 	-2.3 	2.0 	-3.1 	-2.3 	-0.3 	3.5 	-4.1 	-0.6 	-0.1 	-0.8 	-1.4 	: 	: 	: 	: 	: 	: 	: 	: 	: 	: 	: 	: 	: 	: 	: 	: 	: 	: 	: 	: 	: 
DW_NEW,RCH_Q,UK	-0.2 p	1.1 	-1.0 	1.7 	-0.9 	3.1 	0.1 	1.8 	0.7 	1.3 	1.8 	-0.2 	3.9 	2.6 	2.5 	2.4 	0.6 	0.6 	0.9 	1.0 	3.9 	1.0 	2.4 	1.4 	2.5 	-1.9 	2.4 	-1.0 	1.4 	-1.2 	-0.5 	-0.2 	0.7 	0.3 	0.2 	0.9 	1.4 	-0.3 	1.0 	1.9 	-0.2 	-3.1 	-6.6 	-5.5 	-0.9 	-0.1 	0.1 	1.8 	3.8 	0.9 	1.9 	1.3 	3.1 	0.1 	1.3 	1.7 	3.3 	: 
TOTAL,INX_Q,AT	126.40 	122.38 	122.18 	120.37 	118.51 	117.50 	116.51 	114.75 	114.24 	111.54 	109.35 	109.43 	108.87 	106.48 	102.22 	104.01 	99.89 	93.88 	96.03 	95.14 	95.83 	94.32 	91.81 	94.48 	91.74 	90.37 	88.89 	89.14 	86.75 	85.50 	83.50 	82.83 	81.05 	79.01 	78.44 	78.16 	76.54 	74.05 	: 	: 	: 	: 	: 	: 	: 	: 	: 	: 	: 	: 	: 	: 	: 	: 	: 	: 	: 	: 
TOTAL,INX_Q,BE	112.08 p	111.54 	110.34 	110.93 	108.73 	107.67 	107.63 	108.18 	104.67 	105.01 	103.94 p	104.31 p	101.75 p	100.56 p	101.29 p	101.75 p	99.56 p	97.40 p	99.78 	98.96 	97.67 	97.00 	98.83 	99.82 	98.60 	98.34 	97.72 	98.52 	97.42 	97.33 	96.64 	96.80 	94.93 	94.07 	93.41 	92.86 	91.12 	90.28 	89.30 	90.15 	88.09 	88.95 	90.12 	90.62 	89.34 	88.09 	87.24 	86.90 	85.28 	83.62 	81.69 	81.07 	78.79 	76.70 	75.24 	73.78 	71.24 	69.68 
TOTAL,INX_Q,BG	130.26 p	129.45 	126.15 	124.99 	124.03 	120.65 	119.53 	117.62 	115.37 	112.66 	110.52 	107.94 	106.24 	103.38 	102.23 	99.21 	99.71 	98.85 b	98.32 	97.21 	96.97 	96.66 	95.66 	95.52 	96.48 	96.00 	96.82 	98.57 	98.67 	98.23 	98.10 	99.54 	100.23 	102.03 	104.15 	105.38 	106.52 	107.18 	109.58 	112.62 	118.17 	130.77 e	147.53 e	153.92 e	149.36 e	141.08 e	132.06 e	121.42 e	112.97 e	107.23 e	98.09 e	92.96 e	88.91 e	87.47 e	83.52 e	81.55 e	79.26 e	76.01 e
TOTAL,INX_Q,CY	112.33 p	107.78 	106.95 	103.30 	103.98 	103.34 	105.24 	102.46 	102.74 	99.64 	102.72 	101.87 	99.18 	97.29 	99.40 	102.49 	100.59 	97.52 	101.56 	102.70 	103.55 	98.08 	100.78 	103.05 	104.77 	104.54 	108.22 	110.14 	106.02 	106.40 	107.60 	111.22 	113.99 	111.56 	112.05 	112.39 	112.79 	114.37 	116.27 	119.19 	121.17 	122.40 	123.96 	128.69 	130.42 	129.59 	125.11 	124.05 	119.71 	116.41 	114.16 	110.64 	106.44 	103.04 	100.64 	98.79 	95.38 	93.41 
TOTAL,INX_Q,CZ	139.90 	137.00 	134.40 p	131.90 	128.70 	125.00 	122.30 p	121.20 	119.10 	116.20 	112.80 p	107.70 	105.10 	103.00 	101.70 p	100.60 	99.40 	98.30 	97.30 	96.60 	95.80 	95.00 	93.80 	94.00 	94.10 	93.60 	93.70 	93.80 	94.00 	93.90 	94.40 	95.30 	95.90 	95.40 	95.20 	95.10 	95.40 	95.20 	95.20 	95.90 	96.70 	99.90 	102.10 	102.70 	101.20 	97.20 	: 	: 	: 	: 	: 	: 	: 	: 	: 	: 	: 	: 
TOTAL,INX_Q,DE	126.90 p	124.40 p	124.60 	123.10 	120.60 	118.30 	117.30 	115.00 	113.10 	110.90 	110.40 	108.80 	106.90 	103.90 	101.80 	100.40 	99.90 	97.80 	96.20 	96.20 	95.70 	93.80 	93.00 	92.90 	93.10 	91.30 	91.60 	90.40 	89.10 	87.90 	87.30 	86.70 	87.10 	86.00 	83.80 	84.30 	84.30 	83.00 	84.20 	82.90 	83.10 	81.80 	81.80 	81.60 	83.10 	82.80 	81.60 	81.60 	81.70 	80.00 	83.00 	82.30 	83.50 	83.20 	82.00 	84.40 	82.70 	84.20 
TOTAL,INX_Q,DK	119.00 p	116.03 	113.54 	116.07 	115.62 	114.00 	109.89 	111.98 	110.52 	107.60 	105.29 	107.00 	105.58 	102.99 	101.04 	101.03 	100.59 	97.34 	93.83 	94.21 	94.69 	91.22 	89.95 	91.21 	91.17 	88.03 	86.85 	87.26 	86.99 	85.75 	85.74 	88.90 	91.94 	89.91 	90.78 	91.73 	91.00 	89.12 	88.55 	88.88 	88.18 	87.14 	93.04 	100.91 	103.56 	103.24 	104.58 	106.58 	106.41 	105.01 	104.58 	105.67 	103.64 	97.68 	91.19 	85.56 	79.46 	75.49 
TOTAL,INX_Q,EA	117.82 p	115.90 p	115.51 p	114.79 p	113.02 p	111.34 p	110.43 p	109.54 p	107.84 p	106.26 p	105.55 p	105.06 p	103.55 p	101.91 p	100.98 p	100.89 p	99.88 p	98.26 p	98.46 p	99.02 p	98.68 p	97.78 p	97.97 p	98.64 p	98.46 p	98.15 p	99.77 p	100.26 p	100.65 p	100.90 p	101.86 p	102.98 p	103.28 p	102.38 p	102.03 p	102.14 p	101.54 p	100.26 p	100.66 p	100.31 p	100.25 p	100.61 p	101.84 p	103.51 p	103.97 p	103.53 p	102.96 p	102.89 p	101.76 p	100.06 p	99.89 p	98.87 p	97.54 p	95.51 p	93.71 p	93.23 p	90.99 p	89.60 p
TOTAL,INX_Q,EE	123.14 	121.99 	119.96 	116.71 	116.43 	115.17 	113.49 	112.06 	108.42 	108.08 	108.21 	106.98 	103.47 	100.32 	100.46 	99.63 	101.60 	98.31 	95.57 	95.77 	91.98 	91.01 	86.82 	84.60 	80.30 	77.45 	75.13 	76.17 	74.27 	71.91 	70.98 	70.29 	68.98 	67.03 	63.51 	65.82 	63.42 	62.84 	56.27 	57.25 	61.83 	66.51 	84.74 	99.04 	99.17 	102.22 	105.46 	107.00 	110.16 	103.53 	100.27 	90.76 	84.82 	77.03 	68.14 	60.25 	57.07 	50.59 
TOTAL,INX_Q,ES	124.27 	122.88 	120.97 	120.48 	117.90 	114.96 	113.39 	112.43 	110.39 	108.20 	105.78 	105.41 	104.55 	102.74 	101.31 	101.34 	100.67 	96.67 	97.18 	96.99 	96.78 	95.20 	95.50 	96.72 	95.98 	96.75 	101.91 	103.36 	107.37 	110.97 	116.80 	123.20 	127.76 	129.31 	133.86 	134.01 	136.26 	134.08 	135.78 	136.33 	137.58 	138.20 	141.99 	146.51 	148.88 	149.27 	149.82 	150.90 	149.29 	145.14 	141.74 	138.16 	133.79 	128.30 	123.70 	: 	: 	: 
TOTAL,INX_Q,EU	118.90 p	117.01 p	116.59 p	115.92 p	114.12 p	112.37 p	111.44 p	110.74 p	109.03 p	107.14 p	106.36 p	105.77 p	104.14 p	102.41 p	101.35 p	101.00 p	99.67 p	97.98 p	97.88 p	98.12 p	97.38 p	96.03 p	95.85 p	96.24 p	95.83 p	95.26 p	96.45 p	97.01 p	97.25 p	97.21 p	97.98 p	99.15 p	99.43 p	98.68 p	98.75 p	99.16 p	98.58 p	97.37 p	97.72 p	97.35 p	96.80 p	97.09 p	99.35 p	101.91 p	103.01 p	102.57 p	102.54 p	102.59 p	100.86 p	98.43 p	96.72 p	94.58 p	92.06 p	89.60 p	87.80 p	87.00 p	84.94 p	83.51 p
TOTAL,INX_Q,EU27_2019	119.29 p	117.28 p	116.59 p	115.74 p	114.01 p	112.19 p	111.08 p	110.26 p	108.67 p	106.86 p	105.99 p	105.31 p	103.76 p	102.11 p	101.07 p	100.87 p	99.84 p	98.21 p	98.05 p	98.36 p	98.01 p	97.00 p	96.99 p	97.53 p	97.40 p	97.05 p	98.36 p	98.88 p	99.34 p	99.58 p	100.33 p	101.49 p	102.00 p	101.23 p	101.03 p	101.17 p	100.72 p	99.58 p	100.06 p	99.95 p	99.91 p	100.47 p	102.33 p	104.32 p	104.96 p	104.34 p	103.86 p	103.88 p	102.33 p	100.09 p	98.27 p	96.02 p	93.45 p	91.15 p	88.48 p	87.53 p	85.42 p	84.14 p
TOTAL,INX_Q,EU28	118.90 p	117.01 p	116.59 p	115.92 p	114.12 p	112.37 p	111.44 p	110.74 p	109.03 p	107.14 p	106.36 p	105.77 p	104.14 p	102.41 p	101.35 p	101.00 p	99.67 p	97.98 p	97.88 p	98.12 p	97.38 p	96.03 p	95.85 p	96.23 p	95.81 p	95.24 p	96.44 p	97.00 p	97.24 p	97.22 p	97.98 p	99.14 p	99.42 p	98.67 p	98.74 p	99.15 p	98.58 p	97.37 p	97.73 p	97.37 p	96.84 p	97.14 p	99.39 p	101.95 p	103.04 p	102.60 p	102.57 p	102.60 p	100.88 p	98.46 p	96.73 p	94.57 p	92.00 p	89.58 p	87.24 p	86.41 p	84.34 p	82.90 p
TOTAL,INX_Q,FI	104.38 	102.68 	103.28 	103.02 	103.52 	101.71 	101.56 	102.05 	102.68 	101.75 	100.40 	100.58 	100.98 	99.80 	99.90 	100.12 	100.16 	99.81 	99.42 	100.03 	100.47 	100.06 	99.93 	100.54 	100.68 	100.26 	99.63 	99.36 	99.44 	98.39 	96.76 	97.31 	97.55 	95.84 	94.60 	94.62 	93.56 	92.75 	90.70 	88.85 	87.53 	86.17 	84.19 p	87.52 p	88.65 p	87.88 p	87.00 p	86.82 p	86.56 p	85.08 p	83.23 p	81.98 p	81.41 p	79.60 p	78.67 p	76.97 p	75.74 p	73.62 p
TOTAL,INX_Q,FR	109.73 p	108.49 	108.51 	108.72 	106.32 	105.39 	105.14 	105.69 	103.40 	102.39 	101.78 	102.35 	100.20 	99.71 	100.14 	100.94 	99.53 	99.39 	100.35 	102.44 	101.69 	101.46 	102.68 	103.83 	102.94 	103.06 	104.35 	105.86 	105.19 	105.12 	106.53 	107.57 	105.39 	103.34 	102.70 	101.52 	98.69 	96.72 	95.95 	95.68 	94.16 	95.51 	99.24 	102.72 	102.42 	102.13 	102.76 	102.11 	99.83 	98.11 	97.38 	96.59 	93.64 	90.81 	88.77 	87.10 	83.19 	79.81 
TOTAL,INX_Q,HR	120.60 	117.55 	113.54 	112.32 	109.26 	109.44 	108.45 	105.13 	104.55 	100.85 	100.75 	101.31 	100.28 	101.21 	99.96 	99.86 	99.13 	101.05 	102.14 	103.00 	103.82 	102.94 	103.63 	104.97 	104.63 	105.28 	105.40 	109.09 	109.86 	111.36 	111.99 	111.31 	110.53 	108.81 	109.80 	109.52 	110.49 	112.07 	114.28 	116.37 	118.48 	122.58 	123.02 	126.34 	124.01 	123.19 	: 	: 	: 	: 	: 	: 	: 	: 	: 	: 	: 	: 
TOTAL,INX_Q,HU	162.46 p	159.91 	152.32 	148.49 	142.52 	138.65 	131.96 	129.28 	125.48 	122.24 	116.95 	115.20 	111.97 	109.39 	104.65 	103.06 	98.69 	93.60 	91.22 	89.19 	87.55 	85.75 	84.13 	85.26 	85.14 	84.95 	84.67 	86.39 	87.12 	90.21 	89.34 	89.75 	90.97 	91.73 	91.99 	93.75 	94.21 	94.69 	92.42 	95.05 	96.65 	99.69 	100.29 	102.29 	101.90 	100.55 	102.05 	101.20 	97.35 	95.04 	: 	: 	: 	: 	: 	: 	: 	: 
TOTAL,INX_Q,IE	133.67 p	132.98 	134.32 	133.31 	130.44 	127.34 	125.31 	122.18 	115.86 	113.36 	112.06 	109.33 	104.79 	103.67 	103.25 	101.73 	98.60 	96.43 	96.59 	93.63 	86.62 	82.04 	80.77 	78.52 	74.33 	74.32 	76.50 	75.89 	75.00 	76.76 	80.38 	85.12 	90.50 	95.45 	99.98 	104.59 	107.73 	111.53 	115.58 	118.33 	123.46 	132.58 	142.58 	150.29 	154.41 	158.74 	162.16 	163.07 	163.29 	162.70 	159.91 	156.49 	147.62 	141.99 	139.46 	133.58 	128.58 	125.92 
TOTAL,INX_Q,IS	147.15 	146.19 	145.24 	143.46 	140.52 	138.82 	136.94 p	135.65 p	130.12 p	122.09 	116.73 p	110.76 p	106.65 p	104.94 	102.78 	100.54 	99.42 	97.26 	94.56 	92.98 	92.06 	89.94 	87.93 	86.43 	84.35 	82.12 	81.57 	81.46 	80.45 	78.78 	77.91 	76.35 	74.76 	72.41 	72.70 	72.00 	71.83 	71.56 	73.79 	72.11 	73.72 	77.49 	80.60 	82.45 	82.83 	83.15 	82.20 	79.41 	75.82 	72.34 	71.96 	71.99 	70.83 	68.39 	66.07 	63.41 	59.31 	53.61 
TOTAL,INX_Q,IT	99.00 p	97.70 	98.30 	98.40 	99.20 	98.60 	98.80 	99.20 	99.60 	99.10 	100.00 	100.70 	100.50 	99.80 	99.80 	100.70 	99.80 	99.70 	101.90 	103.50 	104.70 	105.70 	107.10 	108.60 	110.20 	110.50 	113.60 	115.90 	118.10 	119.00 	119.50 	120.30 	120.70 	118.30 	118.90 	118.80 	117.90 	116.80 	: 	: 	: 	: 	: 	: 	: 	: 	: 	: 	: 	: 	: 	: 	: 	: 	: 	: 	: 	: 
TOTAL,INX_Q,LT	131.11 	129.20 	125.59 	124.35 	123.00 	119.78 	116.94 	116.66 	114.52 	111.07 	109.43 	107.48 	103.91 	100.78 	99.95 	102.07 	100.49 	97.49 	96.76 	98.68 	97.11 	93.33 	91.92 	89.60 	91.20 	89.86 	89.25 	89.94 	89.05 	89.99 	90.31 	89.67 	89.88 	89.20 	85.55 	83.94 	84.57 	82.75 	84.41 	88.52 	92.79 	97.97 	122.54 	132.09 	134.49 	129.90 	125.67 	123.42 	115.87 	111.26 	106.78 	96.21 	87.40 	86.60 	: 	: 	: 	: 
TOTAL,INX_Q,LU	131.32 	125.00 	123.92 	120.78 	117.90 	116.84 	113.50 	112.28 	112.21 	109.84 	108.92 	107.02 	105.44 	102.64 	101.06 	101.27 	99.87 	97.80 	97.45 	95.98 	94.72 	91.36 	92.74 	91.40 	90.27 	89.16 	88.96 	86.49 	86.26 	84.60 	85.67 	82.87 	82.88 	80.93 	81.28 	80.20 	78.99 	80.09 	77.09 	75.36 	76.05 	75.58 	77.43 	77.27 	77.55 	75.38 	75.72 	76.13 	73.16 	72.67 	: 	: 	: 	: 	: 	: 	: 	: 
TOTAL,INX_Q,LV	141.54 p	134.04 	132.93 	128.34 	129.91 	126.02 	119.69 	119.72 	119.53 	113.11 	110.90 	110.04 	109.52 	103.49 	102.91 	100.40 	100.06 	96.63 	96.57 	109.04 	104.90 	103.39 	101.08 	98.52 	97.37 	93.52 	93.41 	92.54 	90.28 	89.22 	88.05 	91.36 	88.51 	86.98 	83.25 	80.83 	78.80 	78.52 	85.34 	87.60 	89.04 	98.98 	120.71 	143.82 	154.19 	157.05 	146.78 	149.52 	138.58 	134.59 	119.19 	109.54 	99.22 	89.95 	: 	: 	: 	: 
TOTAL,INX_Q,MT	122.68 p	118.61 p	123.85 p	119.27 p	115.49 	111.25 	116.59 	113.02 	108.88 	105.61 	111.12 	107.62 	102.78 	100.29 	105.92 	102.72 	96.07 	95.30 	97.92 	94.58 	92.73 	92.82 	92.83 	94.33 	90.10 	91.37 	94.13 	96.03 	89.49 	90.50 	88.73 	91.03 	90.79 	88.65 	87.45 	94.04 	91.16 	91.50 	87.90 	90.87 	89.78 	91.74 	95.19 	96.44 	90.54 	94.40 	87.10 	86.24 	84.76 	80.89 	76.88 	71.59 	69.34 	62.34 	59.43 	61.17 	56.48 	56.65 
TOTAL,INX_Q,NL	131.79 p	129.66 	127.29 	125.59 	121.66 	119.90 	116.65 	114.02 	111.39 	109.67 	107.52 	106.16 	103.58 	102.81 	101.45 	101.14 	99.14 	98.27 	97.25 	96.85 	96.23 	95.80 	95.32 	95.63 	95.02 	97.02 	99.73 	99.31 	103.33 	105.07 	107.11 	109.03 	109.55 	111.07 	110.93 	111.58 	111.48 	111.61 	111.95 	112.04 	113.03 	116.38 	117.60 	120.06 	118.54 	118.36 	118.29 	117.19 	114.95 	113.95 	112.45 	111.48 	110.22 	108.78 	107.59 	107.07 	105.66 	104.46 
TOTAL,INX_Q,NO	121.68 	118.54 	116.16 	116.29 	116.08 	113.57 	112.23 	112.35 	115.54 	114.86 	111.61 	109.87 	107.18 	102.86 	100.12 	100.93 	100.66 	98.29 	94.88 	94.89 	94.26 	90.92 	89.76 	91.75 	92.25 	91.21 	88.73 	88.28 	87.82 	85.07 	83.05 	82.48 	82.16 	80.12 	76.21 	76.27 	76.65 	73.93 	71.49 d	71.49 d	70.25 d	66.72 d	64.06 d	68.89 d	71.33 d	70.46 d	68.83 d	70.41 d	70.51 d	67.97 d	63.95 d	63.20 d	61.19 d	58.31 d	54.89 d	54.84 d	54.35 d	52.88 d
TOTAL,INX_Q,PL	121.10 	118.34 	116.11 	113.43 	111.95 	109.48 	107.86 	106.50 	105.44 	103.33 	103.86 	102.73 	100.84 	100.00 	99.88 	100.63 	100.43 	99.06 	98.89 	98.66 	99.30 	97.15 	97.49 	97.43 	97.52 	97.70 	100.29 	101.41 	102.82 	103.50 	104.92 	105.41 	106.57 	105.88 	105.95 	106.02 	105.87 	104.60 	106.15 	111.08 	110.62 	111.23 	110.12 	111.46 	115.30 	114.79 	112.09 	117.95 	116.04 	109.19 	97.60 	81.70 	65.96 	60.80 	58.29 	55.06 	55.08 	55.59 
TOTAL,INX_Q,PT	141.49 	137.14 	132.34 	129.72 	128.49 	125.58 	121.06 	119.60 	115.51 	111.89 	109.57 	108.31 	106.91 	103.67 	101.84 	100.65 	100.57 	96.94 	96.98 	97.31 	97.70 	96.16 	94.89 	92.75 	92.25 	92.45 	94.31 	93.70 	94.64 	96.84 	98.25 	101.49 	103.18 	105.45 	106.21 	107.32 	108.16 	107.74 	107.13 	106.70 	106.65 	105.67 	104.74 	106.56 	109.59 	109.23 	: 	: 	: 	: 	: 	: 	: 	: 	: 	: 	: 	: 
TOTAL,INX_Q,RO	121.79 	119.91 	119.83 	118.88 	119.66 	116.10 	113.75 	112.44 	114.27 	108.96 	107.70 	105.86 	106.59 	103.65 	100.36 	98.87 	99.76 	101.01 	97.62 	96.01 	96.88 	98.37 	97.59 	98.04 	100.42 	100.99 	97.71 	97.44 	101.15 	101.74 	98.75 	102.31 	108.11 	110.14 	114.77 	117.48 	121.99 	123.93 	130.93 	126.51 	126.97 	132.70 	: 	: 	: 	: 	: 	: 	: 	: 	: 	: 	: 	: 	: 	: 	: 	: 
TOTAL,INX_Q,SE	116.53 	114.95 	114.96 	115.16 	114.04 	113.24 	114.13 	117.59 	115.97 	114.02 	111.06 	109.35 	106.90 	105.66 	104.30 	102.12 	98.37 	95.21 	91.39 	89.97 	87.07 	85.18 	82.78 	81.54 	80.13 	78.69 	77.53 	77.56 	76.66 	75.55 	74.67 	76.16 	76.34 	76.32 	75.65 	74.44 	73.33 	72.44 	71.38 	69.50 	67.65 	65.72 	63.96 	67.42 	67.90 	66.61 	66.41 	68.36 	65.98 	62.19 	59.90 	59.54 	58.00 	56.39 	54.48 	53.09 	51.12 	49.47 
TOTAL,INX_Q,SI	129.43 	127.75 	126.68 	122.92 	122.39 	117.86 	116.07 	111.89 	111.42 	106.87 	105.54 	103.69 	102.84 	100.94 	98.74 	98.77 	102.38 	100.11 	98.69 	97.77 	98.84 	101.51 	103.22 	103.30 	109.60 	108.72 	107.95 	111.90 	114.91 	113.60 	118.40 	119.01 	121.89 	122.24 	116.80 	116.53 	118.08 	117.41 	116.97 	114.95 	116.93 	119.37 	127.31 	131.52 	129.08 	129.32 	127.52 	122.08 	118.12 	115.66 	: 	: 	: 	: 	: 	: 	: 	: 
TOTAL,INX_Q,SK	131.08 	126.41 	124.06 	120.65 	120.99 	119.57 	116.16 	115.62 	113.09 	107.08 	109.75 	107.77 	106.10 	103.18 	101.34 	100.22 	100.16 	98.27 	96.67 	94.72 	94.88 	93.35 	93.46 	93.56 	93.78 	93.54 	91.45 	93.32 	92.70 	93.54 	94.15 	95.57 	95.08 	96.51 	96.36 	96.26 	96.96 	97.55 	98.09 	103.19 	98.59 	103.39 	110.44 	114.77 	120.39 	116.60 	109.38 	101.56 	93.62 	87.45 	80.96 	76.58 	74.64 	71.76 	: 	: 	: 	: 
TOTAL,INX_Q,UK	116.29 p	115.14 	116.43 	116.99 	114.73 	113.44 	113.68 	113.76 	111.25 	108.84 	108.60 	108.66 	106.49 	104.21 	103.05 	101.82 	98.60 	96.52 	96.81 	96.65 	93.67 	90.39 	89.22 	88.71 	86.62 	84.91 	85.43 	86.23 	85.28 	83.77 	84.64 	85.80 	84.80 	84.11 	85.70 	87.56 	86.34 	84.77 	84.47 	82.83 	79.74 	78.68 	82.97 	88.87 	92.52 	93.12 	95.72 	95.76 	93.14 	89.72 	88.47 	86.81 	84.19 	81.14 	80.59 	80.42 	78.53 	76.28 
TOTAL,RCH_A,AT	6.7 	4.2 	4.9 	4.9 	3.7 	5.3 	6.5 	4.9 	4.9 	4.8 	7.0 	5.2 	9.0 	13.4 	6.4 	9.3 	4.2 	-0.5 	4.6 	0.7 	4.5 	4.4 	3.3 	6.0 	5.8 	5.7 	6.5 	7.6 	7.0 	8.2 	6.5 	6.0 	5.9 	6.7 	: 	: 	: 	: 	: 	: 	: 	: 	: 	: 	: 	: 	: 	: 	: 	: 	: 	: 	: 	: 	: 	: 	: 	: 
TOTAL,RCH_A,BE	3.1 p	3.6 	2.5 	2.5 	3.9 	2.5 	3.6 p	3.7 p	2.9 p	4.4 p	2.6 p	2.5 p	2.2 p	3.2 p	1.5 p	2.8 p	1.9 p	0.4 p	1.0 	-0.9 	-0.9 	-1.4 	1.1 	1.3 	1.2 	1.0 	1.1 	1.8 	2.6 	3.5 	3.5 	4.2 	4.2 	4.2 	4.6 	3.0 	3.4 	1.5 	-0.9 	-0.5 	-1.4 	1.0 	3.3 	4.3 	4.8 	5.3 	6.8 	7.2 	8.2 	9.0 	8.6 	9.9 	10.6 	10.1 	: 	: 	: 	: 
TOTAL,RCH_A,BG	5.0 p	7.3 	5.5 	6.3 	7.5 	7.1 	8.2 	9.0 	8.6 	9.0 	8.1 	8.8 	6.5 	4.6 	4.0 	2.1 	2.8 	2.3 b	2.8 	1.8 	0.5 	0.7 	-1.2 	-3.1 	-2.2 	-2.3 	-1.3 	-1.0 	-1.6 	-3.7 	-5.8 	-5.5 	-5.9 	-4.8 	-5.0 	-6.4 	-9.9 	-18.0 e	-25.7 e	-26.8 e	-20.9 e	-7.3 e	11.7 e	26.8 e	32.2 e	31.6 e	34.6 e	30.6 e	27.1 e	22.6 e	17.4 e	14.0 e	12.2 e	15.1 e	: 	: 	: 	: 
TOTAL,RCH_A,CY	8.0 p	4.3 	1.6 	0.8 	1.2 	3.7 	2.5 	0.6 	3.6 	2.4 	3.3 	-0.6 	-1.4 	-0.2 	-2.1 	-0.2 	-2.9 	-0.6 	0.8 	-0.3 	-1.2 	-6.2 	-6.9 	-6.4 	-1.2 	-1.7 	0.6 	-1.0 	-7.0 	-4.6 	-4.0 	-1.0 	1.1 	-2.5 	-3.6 	-5.7 	-6.9 	-6.6 	-6.2 	-7.4 	-7.1 	-5.5 	-0.9 	3.7 	8.9 	11.3 	9.6 	12.1 	12.5 	13.0 	13.4 	12.0 	11.6 	10.3 	: 	: 	: 	: 
TOTAL,RCH_A,CZ	8.7 	9.6 	9.9 p	8.8 	8.1 	7.6 	8.4 p	12.5 	13.3 	12.8 	10.9 p	7.1 	5.7 	4.8 	4.5 p	4.1 	3.8 	3.5 	3.7 	2.8 	1.8 	1.5 	0.1 	0.2 	0.1 	-0.3 	-0.7 	-1.6 	-2.0 	-1.6 	-0.8 	0.2 	0.5 	0.2 	0.0 	-0.8 	-1.3 	-4.7 	-6.8 	-6.6 	-4.4 	2.8 	: 	: 	: 	: 	: 	: 	: 	: 	: 	: 	: 	: 	: 	: 	: 	: 
TOTAL,RCH_A,DE	5.2 p	5.2 p	6.2 	7.0 	6.6 	6.7 	6.2 	5.7 	5.8 	6.7 	8.4 	8.4 	7.0 	6.2 	5.8 	4.4 	4.4 	4.3 	3.4 	3.6 	2.8 	2.7 	1.5 	2.8 	4.5 	3.9 	4.9 	4.3 	2.3 	2.2 	4.2 	2.8 	3.3 	3.6 	-0.5 	1.7 	1.4 	1.5 	2.9 	1.6 	0.0 	-1.2 	0.2 	0.0 	1.7 	3.5 	-1.7 	-0.9 	-2.2 	-3.8 	1.2 	-2.5 	1.0 	-1.2 	: 	: 	: 	: 
TOTAL,RCH_A,DK	2.9 p	1.8 	3.3 	3.7 	4.6 	5.9 	4.4 	4.7 	4.7 	4.5 	4.2 	5.9 	5.0 	5.8 	7.7 	7.2 	6.2 	6.7 	4.3 	3.3 	3.9 	3.6 	3.6 	4.5 	4.8 	2.7 	1.3 	-1.8 	-5.4 	-4.6 	-5.6 	-3.1 	1.0 	0.9 	2.5 	3.2 	3.2 	2.3 	-4.8 	-11.9 	-14.9 	-15.6 	-11.0 	-5.3 	-2.7 	-1.7 	0.0 	0.9 	2.7 	7.5 	14.7 	23.5 	30.4 	29.4 	: 	: 	: 	: 
TOTAL,RCH_A,EA	4.2 p	4.1 p	4.6 p	4.8 p	4.8 p	4.8 p	4.6 p	4.3 p	4.1 p	4.3 p	4.5 p	4.1 p	3.7 p	3.7 p	2.6 p	1.9 p	1.2 p	0.5 p	0.5 p	0.4 p	0.2 p	-0.4 p	-1.8 p	-1.6 p	-2.2 p	-2.7 p	-2.1 p	-2.6 p	-2.5 p	-1.4 p	-0.2 p	0.8 p	1.7 p	2.1 p	1.4 p	1.8 p	1.3 p	-0.3 p	-1.2 p	-3.1 p	-3.6 p	-2.8 p	-1.1 p	0.6 p	2.2 p	3.5 p	3.1 p	4.1 p	4.3 p	4.8 p	6.6 p	6.0 p	7.2 p	6.6 p	: 	: 	: 	: 
TOTAL,RCH_A,EE	5.8 	5.9 	5.7 	4.1 	7.4 	6.6 	4.9 	4.7 	4.8 	7.7 	7.7 	7.4 	1.8 	2.0 	5.1 	4.0 	10.5 	8.0 	10.1 	13.2 	14.5 	17.5 	15.6 	11.1 	8.1 	7.7 	5.8 	8.4 	7.7 	7.3 	11.8 	6.8 	8.8 	6.7 	12.9 	15.0 	2.6 	-5.5 	-33.6 	-42.2 	-37.7 	-34.9 	-19.6 	-7.4 	-10.0 	-1.3 	5.2 	17.9 	29.9 	34.4 	47.2 	50.6 	48.6 	52.3 	: 	: 	: 	: 
TOTAL,RCH_A,ES	5.4 	6.9 	6.7 	7.2 	6.8 	6.2 	7.2 	6.7 	5.6 	5.3 	4.4 	4.0 	3.9 	6.3 	4.2 	4.5 	4.0 	1.5 	1.8 	0.3 	0.8 	-1.6 	-6.3 	-6.4 	-10.6 	-12.8 	-12.7 	-16.1 	-16.0 	-14.2 	-12.7 	-8.1 	-6.2 	-3.6 	-1.4 	-1.7 	-1.0 	-3.0 	-4.4 	-6.9 	-7.6 	-7.4 	-5.2 	-2.9 	-0.3 	2.8 	5.7 	9.2 	11.6 	13.1 	14.6 	: 	: 	: 	: 	: 	: 	: 
TOTAL,RCH_A,EU	4.2 p	4.1 p	4.6 p	4.7 p	4.7 p	4.9 p	4.8 p	4.7 p	4.7 p	4.6 p	4.9 p	4.7 p	4.5 p	4.5 p	3.5 p	2.9 p	2.4 p	2.0 p	2.1 p	2.0 p	1.6 p	0.8 p	-0.6 p	-0.8 p	-1.5 p	-2.0 p	-1.6 p	-2.2 p	-2.2 p	-1.5 p	-0.8 p	0.0 p	0.9 p	1.3 p	1.1 p	1.9 p	1.8 p	0.3 p	-1.6 p	-4.5 p	-6.0 p	-5.3 p	-3.1 p	-0.7 p	2.1 p	4.2 p	6.0 p	8.5 p	9.6 p	9.9 p	10.2 p	8.7 p	8.4 p	7.3 p	: 	: 	: 	: 
TOTAL,RCH_A,EU27_2019	4.6 p	4.5 p	5.0 p	5.0 p	4.9 p	5.0 p	4.8 p	4.7 p	4.7 p	4.7 p	4.9 p	4.4 p	3.9 p	4.0 p	3.1 p	2.6 p	1.9 p	1.2 p	1.1 p	0.9 p	0.6 p	-0.1 p	-1.4 p	-1.4 p	-2.0 p	-2.5 p	-2.0 p	-2.6 p	-2.6 p	-1.6 p	-0.7 p	0.3 p	1.3 p	1.7 p	1.0 p	1.2 p	0.8 p	-0.9 p	-2.2 p	-4.2 p	-4.8 p	-3.7 p	-1.5 p	0.4 p	2.6 p	4.2 p	5.7 p	8.2 p	9.5 p	9.8 p	11.1 p	9.7 p	9.4 p	8.3 p	: 	: 	: 	: 
TOTAL,RCH_A,EU28	4.2 p	4.1 p	4.6 p	4.7 p	4.7 p	4.9 p	4.8 p	4.7 p	4.7 p	4.6 p	4.9 p	4.7 p	4.5 p	4.5 p	3.5 p	2.9 p	2.4 p	2.0 p	2.1 p	2.0 p	1.6 p	0.8 p	-0.6 p	-0.8 p	-1.5 p	-2.0 p	-1.6 p	-2.2 p	-2.2 p	-1.5 p	-0.8 p	0.0 p	0.9 p	1.3 p	1.0 p	1.8 p	1.8 p	0.2 p	-1.7 p	-4.5 p	-6.0 p	-5.3 p	-3.1 p	-0.6 p	2.1 p	4.2 p	6.0 p	8.5 p	9.7 p	9.9 p	10.9 p	9.4 p	9.1 p	8.1 p	: 	: 	: 	: 
TOTAL,RCH_A,FI	0.8 	1.0 	1.7 	1.0 	0.8 	0.0 	1.2 	1.5 	1.7 	2.0 	0.5 	0.5 	0.8 	0.0 	0.5 	0.1 	-0.3 	-0.2 	-0.5 	-0.5 	-0.2 	-0.2 	0.3 	1.2 	1.2 	1.9 	3.0 	2.1 	1.9 	2.7 	2.3 	2.8 	4.3 	3.3 	4.3 	6.5 	6.9 	7.6 	7.7 p	1.5 p	-1.3 p	-1.9 p	-3.2 p	0.8 p	2.4 p	3.3 p	4.5 p	5.9 p	6.3 p	6.9 p	5.8 p	6.5 p	7.5 p	8.1 p	: 	: 	: 	: 
TOTAL,RCH_A,FR	3.2 p	2.9 	3.2 	2.9 	2.8 	2.9 	3.3 	3.3 	3.2 	2.7 	1.6 	1.4 	0.7 	0.3 	-0.2 	-1.5 	-2.1 	-2.0 	-2.3 	-1.3 	-1.2 	-1.6 	-1.6 	-1.9 	-2.1 	-2.0 	-2.0 	-1.6 	-0.2 	1.7 	3.7 	6.0 	6.8 	6.8 	7.0 	6.1 	4.8 	1.3 	-3.3 	-6.9 	-8.1 	-6.5 	-3.4 	0.6 	2.6 	4.1 	5.5 	5.7 	6.6 	8.0 	9.7 	10.9 	12.6 	13.8 	: 	: 	: 	: 
TOTAL,RCH_A,HR	10.4 	7.4 	4.7 	6.8 	4.5 	8.5 	7.6 	3.8 	4.3 	-0.4 	0.8 	1.5 	1.2 	0.2 	-2.1 	-3.0 	-4.5 	-1.8 	-1.4 	-1.9 	-0.8 	-2.2 	-1.7 	-3.8 	-4.8 	-5.5 	-5.9 	-2.0 	-0.6 	2.3 	2.0 	1.6 	0.0 	-2.9 	-3.9 	-5.9 	-6.7 	-8.6 	-7.1 	-7.9 	-4.5 	-0.5 	: 	: 	: 	: 	: 	: 	: 	: 	: 	: 	: 	: 	: 	: 	: 	: 
TOTAL,RCH_A,HU	14.0 p	15.3 	15.4 	14.9 	13.6 	13.4 	12.8 	12.2 	12.1 	11.7 	11.8 	11.8 	13.5 	16.9 	14.7 	15.6 	12.7 	9.2 	8.4 	4.6 	2.8 	0.9 	-0.6 	-1.3 	-2.3 	-5.8 	-5.2 	-3.7 	-4.2 	-1.7 	-2.9 	-4.3 	-3.4 	-3.1 	-0.5 	-1.4 	-2.5 	-5.0 	-7.8 	-7.1 	-5.2 	-0.9 	-1.7 	1.1 	4.7 	5.8 	: 	: 	: 	: 	: 	: 	: 	: 	: 	: 	: 	: 
TOTAL,RCH_A,IE	2.5 p	4.4 	7.2 	9.1 	12.6 	12.3 	11.8 	11.8 	10.6 	9.3 	8.5 	7.5 	6.3 	7.5 	6.9 	8.7 	13.8 	17.5 	19.6 	19.2 	16.5 	10.4 	5.6 	3.5 	-0.9 	-3.2 	-4.8 	-10.8 	-17.1 	-19.6 	-19.6 	-18.6 	-16.0 	-14.4 	-13.5 	-11.6 	-12.7 	-15.9 	-18.9 	-21.3 	-20.0 	-16.5 	-12.1 	-7.8 	-5.4 	-2.4 	1.4 	4.2 	10.6 	14.6 	14.7 	17.2 	14.8 	12.8 	: 	: 	: 	: 
TOTAL,RCH_A,IS	4.7 	5.3 	6.1 p	5.8 p	8.0 p	13.7 	17.3 p	22.5 p	22.0 p	16.3 	13.6 p	10.2 p	7.3 p	7.9 	8.7 	8.1 	8.0 	8.1 	7.5 	7.6 	9.1 	9.5 	7.8 	6.1 	4.8 	4.2 	4.7 	6.7 	7.6 	8.8 	7.2 	6.0 	4.1 	1.2 	-1.5 	-0.2 	-2.6 	-7.7 	-8.4 	-12.5 	-11.0 	-6.8 	-1.9 	3.8 	9.2 	14.9 	14.2 	10.3 	7.0 	5.8 	8.9 	13.5 	19.4 	27.6 	: 	: 	: 	: 
TOTAL,RCH_A,IT	-0.2 p	-0.9 	-0.5 	-0.8 	-0.4 	-0.5 	-1.2 	-1.5 	-0.9 	-0.7 	0.2 	0.0 	0.7 	0.1 	-2.1 	-2.7 	-4.7 	-5.7 	-4.9 	-4.7 	-5.0 	-4.3 	-5.7 	-6.3 	-6.7 	-7.1 	-4.9 	-3.7 	-2.2 	0.6 	0.5 	1.3 	2.4 	1.3 	: 	: 	: 	: 	: 	: 	: 	: 	: 	: 	: 	: 	: 	: 	: 	: 	: 	: 	: 	: 	: 	: 	: 	: 
TOTAL,RCH_A,LT	6.6 	7.9 	7.4 	6.6 	7.4 	7.8 	6.9 	8.5 	10.2 	10.2 	9.5 	5.3 	3.4 	3.4 	3.3 	3.4 	3.5 	4.5 	5.3 	10.1 	6.5 	3.9 	3.0 	-0.4 	2.4 	-0.1 	-1.2 	0.3 	-0.9 	0.9 	5.6 	6.8 	6.3 	7.8 	1.4 	-5.2 	-8.9 	-15.5 	-31.1 	-33.0 	-31.0 	-24.6 	-2.5 	7.0 	16.1 	16.8 	17.7 	28.3 	32.6 	28.5 	: 	: 	: 	: 	: 	: 	: 	: 
TOTAL,RCH_A,LU	11.4 	7.0 	9.2 	7.6 	5.1 	6.4 	4.2 	4.9 	6.4 	7.0 	7.8 	5.7 	5.6 	4.9 	3.7 	5.5 	5.4 	7.0 	5.1 	5.0 	4.9 	2.5 	4.2 	5.7 	4.6 	5.4 	3.8 	4.4 	4.1 	4.5 	5.4 	3.3 	4.9 	1.0 	5.4 	6.4 	3.9 	6.0 	-0.4 	-2.5 	-1.9 	0.3 	2.3 	1.5 	6.0 	3.7 	: 	: 	: 	: 	: 	: 	: 	: 	: 	: 	: 	: 
TOTAL,RCH_A,LV	9.0 p	6.4 	11.1 	7.2 	8.7 	11.4 	7.9 	8.8 	9.1 	9.3 	7.8 	9.6 	9.5 	7.1 	6.6 	-7.9 	-4.6 	-6.5 	-4.5 	10.7 	7.7 	10.6 	8.2 	6.5 	7.9 	4.8 	6.1 	1.3 	2.0 	2.6 	5.8 	13.0 	12.3 	10.8 	-2.4 	-7.7 	-11.5 	-20.7 	-29.3 	-39.1 	-42.3 	-37.0 	-17.8 	-3.8 	11.3 	16.7 	23.1 	36.5 	39.7 	49.6 	: 	: 	: 	: 	: 	: 	: 	: 
TOTAL,RCH_A,MT	6.2 p	6.6 p	6.2 p	5.5 p	6.1 	5.3 	4.9 	5.0 	5.9 	5.3 	4.9 	4.8 	7.0 	5.2 	8.2 	8.6 	3.6 	2.7 	5.5 	0.3 	2.9 	1.6 	-1.4 	-1.8 	0.7 	1.0 	6.1 	5.5 	-1.4 	2.1 	1.5 	-3.2 	-0.4 	-3.1 	-0.5 	3.5 	1.5 	-0.3 	-7.7 	-5.8 	-0.8 	-2.8 	9.3 	11.8 	6.8 	16.7 	13.3 	20.5 	22.2 	29.8 	29.4 	17.0 	22.8 	10.0 	: 	: 	: 	: 
TOTAL,RCH_A,NL	8.3 p	8.1 	9.1 	10.1 	9.2 	9.3 	8.5 	7.4 	7.5 	6.7 	6.0 	5.0 	4.5 	4.6 	4.3 	4.4 	3.0 	2.6 	2.0 	1.3 	1.3 	-1.3 	-4.4 	-3.7 	-8.0 	-7.7 	-6.9 	-8.9 	-5.7 	-5.4 	-3.4 	-2.3 	-1.7 	-0.5 	-0.9 	-0.4 	-1.4 	-4.1 	-4.8 	-6.7 	-4.6 	-1.7 	-0.6 	2.4 	3.1 	3.9 	5.2 	5.1 	4.3 	4.8 	4.5 	4.1 	4.3 	4.1 	: 	: 	: 	: 
TOTAL,RCH_A,NO	4.8 	4.4 	3.5 	3.5 	0.5 	-1.1 	0.6 	2.3 	7.8 	11.7 	11.5 	8.9 	6.5 	4.6 	5.5 	6.4 	6.8 	8.1 	5.7 	3.4 	2.2 	-0.3 	1.2 	3.9 	5.0 	7.2 	6.8 	7.0 	6.9 	6.2 	9.0 	8.1 	7.2 	8.4 	6.6 d	6.7 d	9.1 d	10.8 d	11.6 d	3.8 d	-1.5 d	-5.3 d	-6.9 d	-2.2 d	1.2 d	3.7 d	7.6 d	11.4 d	15.2 d	16.6 d	16.5 d	15.2 d	12.6 d	10.3 d	: 	: 	: 	: 
TOTAL,RCH_A,PL	8.2 	8.1 	7.6 	6.5 	6.2 	6.0 	3.9 	3.7 	4.6 	3.3 	4.0 	2.1 	0.4 	0.9 	1.0 	2.0 	1.1 	2.0 	1.4 	1.3 	1.8 	-0.6 	-2.8 	-3.9 	-5.2 	-5.6 	-4.4 	-3.8 	-3.5 	-2.2 	-1.0 	-0.6 	0.7 	1.2 	-0.2 	-4.6 	-4.3 	-6.0 	-3.6 	-0.3 	-4.1 	-3.1 	-1.8 	-5.5 	-0.6 	5.1 	14.8 	44.4 	75.9 	79.6 	67.4 	48.4 	19.8 	9.4 	: 	: 	: 	: 
TOTAL,RCH_A,PT	10.1 	9.2 	9.3 	8.5 	11.2 	12.2 	10.5 	10.4 	8.0 	7.9 	7.6 	7.6 	6.3 	6.9 	5.0 	3.4 	2.9 	0.8 	2.2 	4.9 	5.9 	4.0 	0.6 	-1.0 	-2.5 	-4.5 	-4.0 	-7.7 	-8.3 	-8.2 	-7.5 	-5.4 	-4.6 	-2.1 	-0.9 	0.6 	1.4 	2.0 	2.3 	0.1 	-2.7 	-3.3 	: 	: 	: 	: 	: 	: 	: 	: 	: 	: 	: 	: 	: 	: 	: 	: 
TOTAL,RCH_A,RO	1.8 	3.3 	5.3 	5.7 	4.7 	6.6 	5.6 	6.2 	7.2 	5.1 	7.3 	7.1 	6.8 	2.6 	2.8 	3.0 	3.0 	2.7 	0.0 	-2.1 	-3.5 	-2.6 	-0.1 	0.6 	-0.7 	-0.7 	-1.1 	-4.8 	-6.4 	-7.6 	-14.0 	-12.9 	-11.4 	-11.1 	-12.3 	-7.1 	-3.9 	-6.6 	: 	: 	: 	: 	: 	: 	: 	: 	: 	: 	: 	: 	: 	: 	: 	: 	: 	: 	: 	: 
TOTAL,RCH_A,SE	2.2 	1.5 	0.7 	-2.1 	-1.7 	-0.7 	2.8 	7.5 	8.5 	7.9 	6.5 	7.1 	8.7 	11.0 	14.1 	13.5 	13.0 	11.8 	10.4 	10.3 	8.7 	8.2 	6.8 	5.1 	4.5 	4.2 	3.8 	1.8 	0.4 	-1.0 	-1.3 	2.3 	4.1 	5.4 	6.0 	7.1 	8.4 	10.2 	11.6 	3.1 	-0.4 	-1.3 	-3.7 	-1.4 	2.9 	7.1 	10.9 	14.8 	13.8 	10.3 	9.9 	12.1 	13.5 	14.0 	: 	: 	: 	: 
TOTAL,RCH_A,SI	5.8 	8.4 	9.1 	9.9 	9.8 	10.3 	10.0 	7.9 	8.3 	5.9 	6.9 	5.0 	0.4 	0.8 	0.1 	1.0 	3.6 	-1.4 	-4.4 	-5.4 	-9.8 	-6.6 	-4.4 	-7.7 	-4.6 	-4.3 	-8.8 	-6.0 	-5.7 	-7.1 	1.4 	2.1 	3.2 	4.1 	-0.1 	1.4 	1.0 	-1.6 	-8.1 	-12.6 	-9.4 	-7.7 	-0.2 	7.7 	9.3 	11.8 	: 	: 	: 	: 	: 	: 	: 	: 	: 	: 	: 	: 
TOTAL,RCH_A,SK	8.3 	5.7 	6.8 	4.4 	7.0 	11.7 	5.8 	7.3 	6.6 	3.8 	8.3 	7.5 	5.9 	5.0 	4.8 	5.8 	5.6 	5.3 	3.4 	1.2 	1.2 	-0.2 	2.2 	0.3 	1.2 	0.0 	-2.9 	-2.4 	-2.5 	-3.1 	-2.3 	-0.7 	-1.9 	-1.1 	-1.8 	-6.7 	-1.7 	-5.6 	-11.2 	-10.1 	-18.1 	-11.3 	1.0 	13.0 	28.6 	33.3 	35.1 	32.6 	25.4 	21.9 	: 	: 	: 	: 	: 	: 	: 	: 
TOTAL,RCH_A,UK	1.4 p	1.5 	2.4 	2.8 	3.1 	4.2 	4.7 	4.7 	4.5 	4.4 	5.4 	6.7 	8.0 	8.0 	6.4 	5.3 	5.3 	6.8 	8.5 	9.0 	8.1 	6.5 	4.4 	2.9 	1.6 	1.4 	0.9 	0.5 	0.6 	-0.4 	-1.2 	-2.0 	-1.8 	-0.8 	1.5 	5.7 	8.3 	7.7 	1.8 	-6.8 	-13.8 	-15.5 	-13.3 	-7.2 	-0.7 	3.8 	8.2 	10.3 	10.6 	10.6 	9.8 	7.9 	7.2 	6.4 	: 	: 	: 	: 
TOTAL,RCH_Q,AT	3.3 	0.2 	1.5 	1.6 	0.9 	0.8 	1.5 	0.4 	2.4 	2.0 	-0.1 	0.5 	2.2 	4.2 	-1.7 	4.1 	6.4 	-2.2 	0.9 	-0.7 	1.6 	2.7 	-2.8 	3.0 	1.5 	1.7 	-0.3 	2.8 	1.5 	2.4 	0.8 	2.2 	2.6 	0.7 	0.4 	2.1 	3.4 	: 	: 	: 	: 	: 	: 	: 	: 	: 	: 	: 	: 	: 	: 	: 	: 	: 	: 	: 	: 	: 
TOTAL,RCH_Q,BE	0.5 p	1.1 	-0.5 	2.0 	1.0 	0.0 	-0.5 	3.4 	-0.3 	1.0 p	-0.4 p	2.5 p	1.2 p	-0.7 p	-0.5 p	2.2 p	2.2 p	-2.4 p	0.8 	1.3 	0.7 	-1.9 	-1.0 	1.2 	0.3 	0.6 	-0.8 	1.1 	0.1 	0.7 	-0.2 	2.0 	0.9 	0.7 	0.6 	1.9 	0.9 	1.1 	-0.9 	2.3 	-1.0 	-1.3 	-0.6 	1.4 	1.4 	1.0 	0.4 	1.9 	2.0 	2.4 	0.8 	2.9 	2.7 	1.9 	2.0 	3.6 	2.2 	: 
TOTAL,RCH_Q,BG	0.6 p	2.6 	0.9 	0.8 	2.8 	0.9 	1.6 	2.0 	2.4 	1.9 	2.4 	1.6 	2.8 	1.1 	3.0 	-0.5 	0.9 	0.5 b	1.1 	0.2 	0.3 	1.0 	0.1 	-1.0 	0.5 	-0.8 	-1.8 	-0.1 	0.4 	0.1 	-1.4 	-0.7 	-1.8 	-2.0 	-1.2 	-1.1 	-0.6 	-2.2 	-2.7 	-4.7 	-9.6 e	-11.4 e	-4.2 e	3.1 e	5.9 e	6.8 e	8.8 e	7.5 e	5.4 e	9.3 e	5.5 e	4.6 e	1.6 e	4.7 e	2.4 e	2.9 e	4.3 e	: 
TOTAL,RCH_Q,CY	4.2 p	0.8 	3.5 	-0.7 	0.6 	-1.8 	2.7 	-0.3 	3.1 	-3.0 	0.8 	2.7 	1.9 	-2.1 	-3.0 	1.9 	3.1 	-4.0 	-1.1 	-0.8 	5.6 	-2.7 	-2.2 	-1.6 	0.2 	-3.4 	-1.7 	3.9 	-0.4 	-1.1 	-3.3 	-2.4 	2.2 	-0.4 	-0.3 	-0.4 	-1.4 	-1.6 	-2.4 	-1.6 	-1.0 	-1.3 	-3.7 	-1.3 	0.6 	3.6 	0.9 	3.6 	2.8 	2.0 	3.2 	3.9 	3.3 	2.4 	1.9 	3.6 	2.1 	: 
TOTAL,RCH_Q,CZ	2.1 	1.9 p	1.9 p	2.5 	3.0 	2.2 p	0.9 p	1.8 	2.5 	3.0 p	4.7 p	2.5 	2.0 	1.3 p	1.1 p	1.2 	1.1 	1.0 	0.7 	0.8 	0.8 	1.3 	-0.2 	-0.1 	0.5 	-0.1 	-0.1 	-0.2 	0.1 	-0.5 	-0.9 	-0.6 	0.5 	0.2 	0.1 	-0.3 	0.2 	0.0 	-0.7 	-0.8 	-3.2 	-2.2 	-0.6 	1.5 	4.1 	: 	: 	: 	: 	: 	: 	: 	: 	: 	: 	: 	: 	: 
TOTAL,RCH_Q,DE	2.0 p	-0.2 p	1.2 	2.1 	1.9 	0.9 	2.0 	1.7 	2.0 	0.5 	1.5 	1.8 	2.9 	2.1 	1.4 	0.5 	2.1 	1.7 	0.0 	0.5 	2.0 	0.9 	0.1 	-0.2 	2.0 	-0.3 	1.3 	1.5 	1.4 	0.7 	0.7 	-0.5 	1.3 	2.6 	-0.6 	0.0 	1.6 	-1.4 	1.6 	-0.2 	1.6 	0.0 	0.2 	-1.8 	0.4 	1.5 	0.0 	-0.1 	2.1 	-3.6 	0.9 	-1.4 	0.4 	1.5 	-2.8 	2.1 	-1.8 	: 
TOTAL,RCH_Q,DK	2.6 p	2.2 	-2.2 	0.4 	1.4 	3.7 	-1.9 	1.3 	2.7 	2.2 	-1.6 	1.3 	2.5 	1.9 	0.0 	0.4 	3.3 	3.7 	-0.4 	-0.5 	3.8 	1.4 	-1.4 	0.0 	3.6 	1.4 	-0.5 	0.3 	1.4 	0.0 	-3.6 	-3.3 	2.3 	-1.0 	-1.0 	0.8 	2.1 	0.6 	-0.4 	0.8 	1.2 	-6.3 	-7.8 	-2.6 	0.3 	-1.3 	-1.9 	0.2 	1.3 	0.4 	-1.0 	2.0 	6.1 	7.1 	6.6 	7.7 	5.3 	: 
TOTAL,RCH_Q,EA	1.7 p	0.3 p	0.6 p	1.6 p	1.5 p	0.8 p	0.8 p	1.6 p	1.5 p	0.7 p	0.5 p	1.5 p	1.6 p	0.9 p	0.1 p	1.0 p	1.6 p	-0.2 p	-0.6 p	0.3 p	0.9 p	-0.2 p	-0.7 p	0.2 p	0.3 p	-1.6 p	-0.5 p	-0.4 p	-0.2 p	-0.9 p	-1.1 p	-0.3 p	0.9 p	0.3 p	-0.1 p	0.6 p	1.3 p	-0.4 p	0.3 p	0.1 p	-0.4 p	-1.2 p	-1.6 p	-0.4 p	0.4 p	0.6 p	0.1 p	1.1 p	1.7 p	0.2 p	1.0 p	1.4 p	2.1 p	1.9 p	0.5 p	2.5 p	1.6 p	: 
TOTAL,RCH_Q,EE	0.9 	1.7 	2.8 	0.2 	1.1 	1.5 	1.3 	3.4 	0.3 	-0.1 	1.1 	3.4 	3.1 	-0.1 	0.8 	-1.9 	3.3 	2.9 	-0.2 	4.1 	1.1 	4.8 	2.6 	5.4 	3.7 	3.1 	-1.4 	2.6 	3.3 	1.3 	1.0 	1.9 	2.9 	5.5 	-3.5 	3.8 	0.9 	11.7 	-1.7 	-7.4 	-7.0 	-21.5 	-14.4 	-0.1 	-3.0 	-3.1 	-1.4 	-2.9 	6.4 	3.3 	10.5 	7.0 	10.1 	13.0 	13.1 	5.6 	12.8 	: 
TOTAL,RCH_Q,ES	1.1 	1.6 	0.4 	2.2 	2.6 	1.4 	0.9 	1.8 	2.0 	2.3 	0.4 	0.8 	1.8 	1.4 	0.0 	0.7 	4.1 	-0.5 	0.2 	0.2 	1.7 	-0.3 	-1.3 	0.8 	-0.8 	-5.1 	-1.4 	-3.7 	-3.2 	-5.0 	-5.2 	-3.6 	-1.2 	-3.4 	-0.1 	-1.7 	1.6 	-1.3 	-0.4 	-0.9 	-0.4 	-2.7 	-3.1 	-1.6 	-0.3 	-0.4 	-0.7 	1.1 	2.9 	2.4 	2.6 	3.3 	4.3 	3.7 	: 	: 	: 	: 
TOTAL,RCH_Q,EU	1.6 p	0.4 p	0.6 p	1.6 p	1.6 p	0.8 p	0.6 p	1.6 p	1.8 p	0.7 p	0.6 p	1.6 p	1.7 p	1.0 p	0.3 p	1.3 p	1.7 p	0.1 p	-0.2 p	0.8 p	1.4 p	0.2 p	-0.4 p	0.4 p	0.6 p	-1.2 p	-0.6 p	-0.2 p	0.0 p	-0.8 p	-1.2 p	-0.3 p	0.8 p	-0.1 p	-0.4 p	0.6 p	1.2 p	-0.4 p	0.4 p	0.6 p	-0.3 p	-2.3 p	-2.5 p	-1.1 p	0.4 p	0.0 p	0.0 p	1.7 p	2.5 p	1.8 p	2.3 p	2.7 p	2.7 p	2.1 p	0.9 p	2.4 p	1.7 p	: 
TOTAL,RCH_Q,EU27_2019	1.7 p	0.6 p	0.7 p	1.5 p	1.6 p	1.0 p	0.7 p	1.5 p	1.7 p	0.8 p	0.6 p	1.5 p	1.6 p	1.0 p	0.2 p	1.0 p	1.7 p	0.2 p	-0.3 p	0.4 p	1.0 p	0.0 p	-0.6 p	0.1 p	0.4 p	-1.3 p	-0.5 p	-0.5 p	-0.2 p	-0.7 p	-1.1 p	-0.5 p	0.8 p	0.2 p	-0.1 p	0.4 p	1.1 p	-0.5 p	0.1 p	0.0 p	-0.6 p	-1.8 p	-1.9 p	-0.6 p	0.6 p	0.5 p	0.0 p	1.5 p	2.2 p	1.9 p	2.3 p	2.8 p	2.5 p	3.0 p	1.1 p	2.5 p	1.5 p	: 
TOTAL,RCH_Q,EU28	1.6 p	0.4 p	0.6 p	1.6 p	1.6 p	0.8 p	0.6 p	1.6 p	1.8 p	0.7 p	0.6 p	1.6 p	1.7 p	1.0 p	0.3 p	1.3 p	1.7 p	0.1 p	-0.2 p	0.8 p	1.4 p	0.2 p	-0.4 p	0.4 p	0.6 p	-1.2 p	-0.6 p	-0.2 p	0.0 p	-0.8 p	-1.2 p	-0.3 p	0.8 p	-0.1 p	-0.4 p	0.6 p	1.2 p	-0.4 p	0.4 p	0.5 p	-0.3 p	-2.3 p	-2.5 p	-1.1 p	0.4 p	0.0 p	0.0 p	1.7 p	2.5 p	1.8 p	2.3 p	2.8 p	2.7 p	2.7 p	1.0 p	2.5 p	1.7 p	: 
TOTAL,RCH_Q,FI	1.7 	-0.6 	0.3 	-0.5 	1.8 	0.1 	-0.5 	-0.6 	0.9 	1.3 	-0.2 	-0.4 	1.2 	-0.1 	-0.2 	0.0 	0.4 	0.4 	-0.6 	-0.4 	0.4 	0.1 	-0.6 	-0.1 	0.4 	0.6 	0.3 	-0.1 	1.1 	1.7 	-0.6 	-0.2 	1.8 	1.3 	0.0 	1.1 	0.9 	2.3 	2.1 	1.5 	1.6 	2.4 p	-3.8 p	-1.3 p	0.9 p	1.0 p	0.2 p	0.3 p	1.7 p	2.2 p	1.5 p	0.7 p	2.3 p	1.2 p	2.2 p	1.6 p	2.9 p	: 
TOTAL,RCH_Q,FR	1.1 p	0.0 	-0.2 	2.3 	0.9 	0.2 	-0.5 	2.2 	1.0 	0.6 	-0.6 	2.1 	0.5 	-0.4 	-0.8 	1.4 	0.1 	-1.0 	-2.0 	0.7 	0.2 	-1.2 	-1.1 	0.9 	-0.1 	-1.2 	-1.4 	0.6 	0.1 	-1.3 	-1.0 	2.1 	2.0 	0.6 	1.2 	2.9 	2.0 	0.8 	0.3 	1.6 	-1.4 	-3.8 	-3.4 	0.3 	0.3 	-0.6 	0.6 	2.3 	1.8 	0.7 	0.8 	3.2 	3.1 	2.3 	1.9 	4.7 	4.2 	: 
TOTAL,RCH_Q,HR	2.6 	3.5 	1.1 	2.8 	-0.2 	0.9 	3.2 	0.6 	3.7 	0.1 	-0.6 	1.0 	-0.9 	1.3 	0.1 	0.7 	-1.9 	-1.1 	-0.8 	-0.8 	0.9 	-0.7 	-1.3 	0.3 	-0.6 	-0.1 	-3.4 	-0.7 	-1.3 	-0.6 	0.6 	0.7 	1.6 	-0.9 	0.3 	-0.9 	-1.4 	-1.9 	-1.8 	-1.8 	-3.3 	-0.4 	-2.6 	1.9 	0.7 	: 	: 	: 	: 	: 	: 	: 	: 	: 	: 	: 	: 	: 
TOTAL,RCH_Q,HU	1.6 p	5.0 	2.6 	4.2 	2.8 	5.1 	2.1 	3.0 	2.7 	4.5 	1.5 	2.9 	2.4 	4.5 	1.5 	4.4 	5.4 	2.6 	2.3 	1.9 	2.1 	1.9 	-1.3 	0.1 	0.2 	0.3 	-2.0 	-0.8 	-3.4 	1.0 	-0.5 	-1.3 	-0.8 	-0.3 	-1.9 	-0.5 	-0.5 	2.5 	-2.8 	-1.7 	-3.0 	-0.6 	-2.0 	0.4 	1.3 	-1.5 	0.8 	4.0 	2.4 	: 	: 	: 	: 	: 	: 	: 	: 	: 
TOTAL,RCH_Q,IE	0.5 p	-1.0 	0.8 	2.2 	2.4 	1.6 	2.6 	5.5 	2.2 	1.2 	2.5 	4.3 	1.1 	0.4 	1.5 	3.2 	2.3 	-0.2 	3.2 	8.1 	5.6 	1.6 	2.9 	5.6 	0.0 	-2.8 	0.8 	1.2 	-2.3 	-4.5 	-5.6 	-5.9 	-5.2 	-4.5 	-4.4 	-2.9 	-3.4 	-3.5 	-2.3 	-4.2 	-6.9 	-7.0 	-5.1 	-2.7 	-2.7 	-2.1 	-0.6 	-0.1 	0.4 	1.7 	2.2 	6.0 	4.0 	1.8 	4.4 	3.9 	2.1 	: 
TOTAL,RCH_Q,IS	0.7 	0.7 	1.2 	2.1 	1.2 	1.4 p	1.0 p	4.2 p	6.6 p	4.6 p	5.4 p	3.9 p	1.6 p	2.1 	2.2 	1.1 	2.2 	2.9 	1.7 	1.0 	2.4 	2.3 	1.7 	2.5 	2.7 	0.7 	0.1 	1.3 	2.1 	1.1 	2.0 	2.1 	3.2 	-0.4 	1.0 	0.2 	0.4 	-3.0 	2.3 	-2.2 	-4.9 	-3.9 	-2.2 	-0.5 	-0.4 	1.2 	3.5 	4.7 	4.8 	0.5 	0.0 	1.6 	3.6 	3.5 	4.2 	6.9 	10.6 	: 
TOTAL,RCH_Q,IT	1.3 p	-0.6 	-0.1 	-0.8 	0.6 	-0.2 	-0.4 	-0.4 	0.5 	-0.9 	-0.7 	0.2 	0.7 	0.0 	-0.9 	0.9 	0.1 	-2.2 	-1.5 	-1.1 	-0.9 	-1.3 	-1.4 	-1.5 	-0.3 	-2.7 	-2.0 	-1.9 	-0.8 	-0.4 	-0.7 	-0.3 	2.0 	-0.5 	0.1 	0.8 	0.9 	: 	: 	: 	: 	: 	: 	: 	: 	: 	: 	: 	: 	: 	: 	: 	: 	: 	: 	: 	: 	: 
TOTAL,RCH_Q,LT	1.5 	2.9 	1.0 	1.1 	2.7 	2.4 	0.2 	1.9 	3.1 	1.5 	1.8 	3.4 	3.1 	0.8 	-2.1 	1.6 	3.1 	0.8 	-1.9 	1.6 	4.1 	1.5 	2.6 	-1.8 	1.5 	0.7 	-0.8 	1.0 	-1.0 	-0.4 	0.7 	-0.2 	0.8 	4.3 	1.9 	-0.7 	2.2 	-2.0 	-4.6 	-4.6 	-5.3 	-20.1 	-7.2 	-1.8 	3.5 	3.4 	1.8 	6.5 	4.1 	4.2 	11.0 	10.1 	0.9 	: 	: 	: 	: 	: 
TOTAL,RCH_Q,LU	5.1 	0.9 	2.6 	2.4 	0.9 	2.9 	1.1 	0.1 	2.2 	0.8 	1.8 	1.5 	2.7 	1.6 	-0.2 	1.4 	2.1 	0.4 	1.5 	1.3 	3.7 	-1.5 	1.5 	1.3 	1.2 	0.2 	2.9 	0.3 	2.0 	-1.2 	3.4 	0.0 	2.4 	-0.4 	1.3 	1.5 	-1.4 	3.9 	2.3 	-0.9 	0.6 	-2.4 	0.2 	-0.4 	2.9 	-0.4 	-0.5 	4.1 	0.7 	: 	: 	: 	: 	: 	: 	: 	: 	: 
TOTAL,RCH_Q,LV	5.6 p	0.8 	3.6 	-1.2 	3.1 	5.3 	0.0 	0.2 	5.7 	2.0 	0.8 	0.5 	5.8 	0.6 	2.5 	0.3 	3.5 	0.1 	-11.4 	3.9 	1.5 	2.3 	2.6 	1.2 	4.1 	0.1 	0.9 	2.5 	1.2 	1.3 	-3.6 	3.2 	1.8 	4.5 	3.0 	2.6 	0.4 	-8.0 	-2.6 	-1.6 	-10.0 	-18.0 	-16.1 	-6.7 	-1.8 	7.0 	-1.8 	7.9 	3.0 	12.9 	8.8 	10.4 	10.3 	: 	: 	: 	: 	: 
TOTAL,RCH_Q,MT	3.4 p	-4.2 p	3.8 p	3.3 p	3.8 	-4.6 	3.2 	3.8 	3.1 	-5.0 	3.3 	4.7 	2.5 	-5.3 	3.1 	6.9 	0.8 	-2.7 	3.5 	2.0 	-0.1 	0.0 	-1.6 	4.7 	-1.4 	-2.9 	-2.0 	7.3 	-1.1 	2.0 	-2.5 	0.3 	2.4 	1.4 	-7.0 	3.2 	-0.4 	4.1 	-3.3 	1.2 	-2.1 	-3.6 	-1.3 	6.5 	-4.1 	8.4 	1.0 	1.7 	4.8 	5.2 	7.4 	3.2 	11.2 	4.9 	-2.8 	8.3 	-0.3 	: 
TOTAL,RCH_Q,NL	1.6 p	1.9 	1.4 	3.2 	1.5 	2.8 	2.3 	2.4 	1.6 	2.0 	1.3 	2.5 	0.7 	1.3 	0.3 	2.0 	0.9 	1.0 	0.4 	0.6 	0.4 	0.5 	-0.3 	0.6 	-2.1 	-2.7 	0.4 	-3.9 	-1.7 	-1.9 	-1.8 	-0.5 	-1.4 	0.1 	-0.6 	0.1 	-0.1 	-0.3 	-0.1 	-0.9 	-2.9 	-1.0 	-2.0 	1.3 	0.2 	0.1 	0.9 	1.9 	0.9 	1.3 	0.9 	1.1 	1.3 	1.1 	0.5 	1.3 	1.1 	: 
TOTAL,RCH_Q,NO	2.6 	2.0 	-0.1 	0.2 	2.2 	1.2 	-0.1 	-2.8 	0.6 	2.9 	1.6 	2.5 	4.2 	2.7 	-0.8 	0.3 	2.4 	3.6 	0.0 	0.7 	3.7 	1.3 	-2.2 	-0.5 	1.1 	2.8 	0.5 	0.5 	3.2 	2.4 	0.7 	0.4 	2.5 	5.1 	-0.1 	-0.5 	3.7 	3.4 d	0.0 d	1.8 d	5.3 d	4.2 d	-7.0 d	-3.4 d	1.2 d	2.4 d	-2.2 d	-0.1 d	3.7 d	6.3 d	1.2 d	3.3 d	4.9 d	6.2 d	0.1 d	0.9 d	2.8 d	: 
TOTAL,RCH_Q,PL	2.3 	1.9 	2.4 	1.3 	2.3 	1.5 	1.3 	1.0 	2.0 	-0.5 	1.1 	1.9 	0.8 	0.1 	-0.7 	0.2 	1.4 	0.2 	0.2 	-0.6 	2.2 	-0.3 	0.1 	-0.1 	-0.2 	-2.6 	-1.1 	-1.4 	-0.7 	-1.4 	-0.5 	-1.1 	0.7 	-0.1 	-0.1 	0.1 	1.2 	-1.5 	-4.4 	0.4 	-0.5 	1.0 	-1.2 	-3.3 	0.4 	2.4 	-5.0 	1.6 	6.3 	11.9 	19.5 	23.9 	8.5 	4.3 	5.9 	0.0 	-0.9 	: 
TOTAL,RCH_Q,PT	3.2 	3.6 	2.0 	1.0 	2.3 	3.7 	1.2 	3.5 	3.2 	2.1 	1.2 	1.3 	3.1 	1.8 	1.2 	0.1 	3.7 	0.0 	-0.3 	-0.4 	1.6 	1.3 	2.3 	0.5 	-0.2 	-2.0 	0.7 	-1.0 	-2.3 	-1.4 	-3.2 	-1.6 	-2.2 	-0.7 	-1.0 	-0.8 	0.4 	0.6 	0.4 	0.0 	0.9 	0.9 	-1.7 	-2.8 	0.3 	: 	: 	: 	: 	: 	: 	: 	: 	: 	: 	: 	: 	: 
TOTAL,RCH_Q,RO	1.6 	0.1 	0.8 	-0.7 	3.1 	2.1 	1.2 	-1.6 	4.9 	1.2 	1.7 	-0.7 	2.8 	3.3 	1.5 	-0.9 	-1.2 	3.5 	1.7 	-0.9 	-1.5 	0.8 	-0.5 	-2.4 	-0.6 	3.4 	0.3 	-3.7 	-0.6 	3.0 	-3.5 	-5.4 	-1.8 	-4.0 	-2.3 	-3.7 	-1.6 	-5.3 	3.5 	-0.4 	-4.3 	: 	: 	: 	: 	: 	: 	: 	: 	: 	: 	: 	: 	: 	: 	: 	: 	: 
TOTAL,RCH_Q,SE	1.4 	0.0 	-0.2 	1.0 	0.7 	-0.8 	-2.9 	1.4 	1.7 	2.7 	1.6 	2.3 	1.2 	1.3 	2.1 	3.8 	3.3 	4.2 	1.6 	3.3 	2.2 	2.9 	1.5 	1.8 	1.8 	1.5 	0.0 	1.2 	1.5 	1.2 	-2.0 	-0.2 	0.0 	0.9 	1.6 	1.5 	1.2 	1.5 	2.7 	2.7 	2.9 	2.8 	-5.1 	-0.7 	1.9 	0.3 	-2.9 	3.6 	6.1 	3.8 	0.6 	2.7 	2.9 	3.5 	2.6 	3.9 	3.3 	: 
TOTAL,RCH_Q,SI	1.3 	0.8 	3.1 	0.4 	3.8 	1.5 	3.7 	0.4 	4.3 	1.3 	1.8 	0.8 	1.9 	2.2 	0.0 	-3.5 	2.3 	1.4 	0.9 	-1.1 	-2.6 	-1.7 	-0.1 	-5.7 	0.8 	0.7 	-3.5 	-2.6 	1.2 	-4.1 	-0.5 	-2.4 	-0.3 	4.7 	0.2 	-1.3 	0.6 	0.4 	1.8 	-1.7 	-2.0 	-6.2 	-3.2 	1.9 	-0.2 	1.4 	4.5 	3.4 	2.1 	: 	: 	: 	: 	: 	: 	: 	: 	: 
TOTAL,RCH_Q,SK	3.7 	1.9 	2.8 	-0.3 	1.2 	2.9 	0.5 	2.2 	5.6 	-2.4 	1.8 	1.6 	2.8 	1.8 	1.1 	0.1 	1.9 	1.7 	2.1 	-0.2 	1.6 	-0.1 	-0.1 	-0.2 	0.3 	2.3 	-2.0 	0.7 	-0.9 	-0.6 	-1.5 	0.5 	-1.5 	0.2 	0.1 	-0.7 	-0.6 	-0.6 	-4.9 	4.7 	-4.6 	-6.4 	-3.8 	-4.7 	3.3 	6.6 	7.7 	8.5 	7.1 	8.0 	5.7 	2.6 	4.0 	: 	: 	: 	: 	: 
TOTAL,RCH_Q,UK	1.0 p	-1.1 	-0.5 	2.0 	1.1 	-0.2 	-0.1 	2.3 	2.2 	0.2 	-0.1 	2.0 	2.2 	1.1 	1.2 	3.3 	2.2 	-0.3 	0.2 	3.2 	3.6 	1.3 	0.6 	2.4 	2.0 	-0.6 	-0.9 	1.1 	1.8 	-1.0 	-1.4 	1.2 	0.8 	-1.9 	-2.1 	1.4 	1.9 	0.4 	2.0 	3.9 	1.3 	-5.2 	-6.6 	-3.9 	-0.6 	-2.7 	0.0 	2.8 	3.8 	1.4 	1.9 	3.1 	3.8 	0.7 	0.2 	2.4 	2.9 	: 
